"Número do Alimento";"Categoria do Alimento";"Descrição dos Alimentos";"Umidade";"Energia (kcal)";"Energia (kJ)";"Proteína (g)";"Lipídeos (g)";"Colesterol (mg)";"Carboidrato (g)";"Fibra Alimentar (g)";"Cinzas (g)";"Cálcio (mg)";"Magnésio (mg)";"Manganês (mg)";"Fósforo (mg)";"Ferro (mg)";"Sódio (mg)";"Potássio (mg)";"Cobre (mg)";"Zinco (mg)";"Retinol (mcg)";"RE (mcg)";"RAE (mcg)";"Tiamina (mg)";"Riboflavina (mg)";"Piridoxina (mg)";"Niacina (mg)";"Vitamina C (mg)";"Saturados (g)";"Mono insaturados (g)";"Poli insaturados (g)";"12:0 (g)";"14:0 (g)";"16:0 (g)";"18:0 (g)";"20:0 (g)";"22:0 (g)";"24:0 (g)";"14:1 (g)";"16:1 (g)";"18:1 (g)";"20:1 (g)";"18:2 n-6 (g)";"18:3 n-3 (g)";"20:4 (g)";"20:5 (g)";"22:5 (g)";"22:6 (g)";"18:1t (g)";"18:2t (g)";"Triptofano (g)";"Treonina (g)";"Isoleucina (g)";"Leucina (g)";"Lisina (g)";"Metionina (g)";"Cistina (g)";"Fenilalanina (g)";"Tirosina (g)";"Valina (g)";"Arginina (g)";"Histidina (g)";"Alanina (g)";"Ácido Aspártico (g)";"Ácido Glutâmico (g)";"Glicina (g)";"Prolina (g)";"Serina (g)"
"1";"Cereais e derivados";"Arroz, integral, cozido";"70,1";"124";"517";"2,6";"1";"";"25,8";"2,7";"0,5";"5";"59";"0,63";"106";"0,3";"1";"75";"0,02";"0,7";"";"";"";"0,08";"0,00001";"0,08";"0,00001";"";"0,3";"0,4";"0,3";"";"0,00001";"0,25";"0,02";"0,00001";"0,00001";"0,00001";"";"";"0,36";"0,00001";"0,31";"0,01";"";"";"0,00001";"";"";"";"";"";"";"";"";"";"";"";"";"";"";"";"";"";"";"";"";""
"2";"Cereais e derivados";"Arroz, integral, cru";"12,2";"360";"1505";"7,3";"1,9";"";"77,5";"4,8";"1,2";"8";"110";"2,99";"251";"0,9";"2";"173";"0,07";"1,4";"";"";"";"0,26";"0,00001";"0,18";"4,18";"";"0,3";"0,5";"0,4";"";"0,01";"0,24";"0,02";"0,01";"0,00001";"0,00001";"";"0,00001";"0,45";"0,00001";"0,38";"0,02";"";"";"";"";"";"";"";"";"";"";"";"";"";"";"";"";"";"";"";"";"";"";"";""
"3";"Cereais e derivados";"Arroz, tipo 1, cozido";"69,1";"128";"537";"2,5";"0,2";"";"28,1";"1,6";"0,1";"4";"2";"0,3";"18";"0,1";"1";"15";"0,02";"0,5";"";"";"";"0,00001";"0,00001";"0,00001";"0,00001";"";"0,2";"0,00001";"0,00001";"";"0,00001";"0,16";"0,01";"";"";"";"";"";"0,04";"";"0,06";"";"";"";"";"";"";"";"";"";"";"";"";"";"";"";"";"";"";"";"";"";"";"";"";""
"4";"Cereais e derivados";"Arroz, tipo 1, cru";"13,2";"358";"1497";"7,2";"0,3";"";"78,8";"1,6";"0,5";"4";"30";"1,03";"104";"0,7";"1";"62";"0,11";"1,2";"";"";"";"0,16";"0,00001";"0,07";"1,12";"";"0,1";"0,1";"0,1";"0,00001";"0,00001";"0,06";"0,01";"0,00001";"0,00001";"0,00001";"";"";"0,06";"";"0,08";"0,00001";"";"";"";"";"";"0,00001";"";"";"";"";"";"";"";"";"";"";"";"";"";"";"";"";"";""
"5";"Cereais e derivados";"Arroz, tipo 2, cozido";"68,7";"130";"544";"2,6";"0,4";"";"28,2";"1,1";"0,1";"3";"6";"0,37";"22";"0,1";"2";"20";"0,04";"0,5";"";"";"";"0,00001";"0,00001";"0,00001";"0,00001";"";"0,1";"0,1";"0,1";"";"0,00001";"0,12";"0,02";"";"";"";"";"0,00001";"0,12";"0,00001";"0,09";"0,00001";"";"";"";"";"";"";"";"";"";"";"";"";"";"";"";"";"";"";"";"";"";"";"";""
"6";"Cereais e derivados";"Arroz, tipo 2, cru";"13,2";"358";"1498";"7,2";"0,3";"";"78,9";"1,7";"0,4";"5";"29";"0,83";"82";"0,6";"1";"57";"0,05";"1,3";"";"";"";"0,16";"0,00001";"0,05";"0,92";"";"0,1";"0,1";"0,1";"";"0,00001";"0,06";"0,01";"0,00001";"0,00001";"0,00001";"";"";"0,09";"0,00001";"0,09";"0,00001";"";"";"";"";"";"";"";"";"";"";"";"";"";"";"";"";"";"";"";"";"";"";"";""
"7";"Cereais e derivados";"Aveia, flocos, crua";"9,1";"394";"1648";"13,9";"8,5";"";"66,6";"9,1";"1,8";"48";"119";"1,89";"153";"4,4";"5";"336";"0,44";"2,6";"";"";"";"0,55";"0,03";"0,00001";"4,47";"1,4";"1,5";"3,2";"3";"";"0,02";"1,37";"0,14";"0,00001";"";"0,02";"";"0,00001";"3,1";"0,05";"2,95";"0,06";"";"";"";"";"";"";"";"";"";"";"";"";"";"";"";"";"";"";"";"";"";"";"";""
"8";"Cereais e derivados";"Biscoito, doce, maisena";"3,2";"443";"1853";"8,1";"12";"";"75,2";"2,1";"1,5";"54";"37";"0,78";"166";"1,8";"352";"142";"0,17";"1";"";"";"";"1,01";"0,42";"0,23";"3,91";"6,2";"3,9";"3,7";"2,2";"0,03";"0,07";"2,76";"0,94";"0,03";"0,02";"0,01";"";"0,02";"3,7";"0,02";"2,13";"0,1";"";"";"";"";"1,36";"0,22";"";"";"";"";"";"";"";"";"";"";"";"";"";"";"";"";"";""
"9";"Cereais e derivados";"Biscoito, doce, recheado com chocolate";"2,2";"472";"1974";"6,4";"19,6";"0,00001";"70,5";"3";"1,3";"27";"48";"0,59";"139";"2,3";"239";"232";"0,27";"1";"0,00001";"";"";"0,32";"0,39";"0,46";"2,52";"3,5";"6,2";"6,6";"1,7";"0,19";"0,13";"3,11";"2,55";"0,07";"0,07";"0,02";"";"0,02";"6,55";"0,04";"1,68";"0,06";"";"";"";"";"3,84";"0,37";"";"";"";"";"";"";"";"";"";"";"";"";"";"";"";"";"";""
"10";"Cereais e derivados";"Biscoito, doce, recheado com morango";"2,7";"471";"1971";"5,7";"19,6";"0,00001";"71";"1,5";"1";"36";"27";"0,66";"138";"1,5";"230";"113";"0,13";"0,7";"0,00001";"";"";"0,9";"0,42";"0,21";"1,5";"0,00001";"6,1";"6,5";"1,7";"0,07";"0,07";"3,35";"2,41";"0,06";"";"";"";"0,04";"6,4";"0,02";"1,61";"0,06";"";"";"";"";"4,21";"0,32";"";"";"";"";"";"";"";"";"";"";"";"";"";"";"";"";"";""
"11";"Cereais e derivados";"Biscoito, doce, wafer, recheado de chocolate";"1,2";"502";"2102";"5,6";"24,7";"0,00001";"67,5";"1,8";"1,1";"23";"48";"0,44";"124";"2,4";"137";"240";"0,26";"0,9";"0,00001";"";"";"0,37";"0,03";"0,3";"1,12";"0,00001";"6,5";"8,1";"1,9";"";"0,02";"3,21";"3,02";"0,09";"0,12";"0,02";"0,02";"0,02";"8,07";"0,02";"1,84";"0,09";"";"";"";"";"6,63";"0,42";"";"";"";"";"";"";"";"";"";"";"";"";"";"";"";"";"";""
"12";"Cereais e derivados";"Biscoito, doce, wafer, recheado de morango";"1,2";"513";"2148";"4,5";"26,4";"1";"67,4";"0,8";"0,6";"14";"19";"0,28";"73";"1,1";"120";"75";"0,08";"0,5";"0,00001";"";"";"0,36";"0,00001";"0,94";"0,37";"";"6,7";"8,9";"1,8";"";"0,03";"3,32";"3,1";"0,1";"0,1";"0,03";"";"0,03";"8,83";"0,03";"1,77";"0,08";"";"";"";"";"7,24";"0,56";"";"";"";"";"";"";"";"";"";"";"";"";"";"";"";"";"";""
"13";"Cereais e derivados";"Biscoito, salgado, cream cracker";"4,1";"432";"1806";"10,1";"14,4";"";"68,7";"2,5";"2,7";"20";"40";"0,69";"148";"2,2";"854";"181";"0,18";"1,1";"";"";"";"0,71";"0,13";"0,17";"7,14";"";"4,4";"4,6";"2,9";"0,01";"0,07";"2,99";"1,24";"0,04";"0,03";"0,01";"";"0,06";"4,52";"0,03";"2,79";"0,01";"";"";"";"";"1,57";"0,23";"";"";"";"";"";"";"";"";"";"";"";"";"";"";"";"";"";""
"14";"Cereais e derivados";"Bolo, mistura para";"1";"419";"1752";"6,2";"6,1";"0,00001";"84,7";"1,7";"2";"59";"28";"0,46";"333";"1,2";"463";"75";"0,15";"0,6";"";"";"";"0,18";"0,00001";"1,5";"1,52";"0,00001";"2,1";"1,9";"0,8";"0,01";"0,03";"1,03";"0,97";"0,02";"0,02";"0,01";"";"0,01";"1,88";"0,01";"0,78";"0,03";"";"";"";"";"0,93";"0,15";"";"";"";"";"";"";"";"";"";"";"";"";"";"";"";"";"";""
"15";"Cereais e derivados";"Bolo, pronto, aipim";"34,1";"324";"1355";"4,4";"12,7";"73";"47,9";"0,7";"0,8";"85";"10";"0,11";"122";"0,5";"111";"135";"0,05";"0,4";"0,00001";"";"";"0,13";"0,07";"0,00001";"0,00001";"0,00001";"5";"3,9";"1,1";"0,98";"0,48";"1,88";"1,28";"0,04";"0,04";"0,01";"";"0,06";"3,8";"0,02";"1";"0,06";"0,04";"";"";"";"1,99";"";"";"";"";"";"";"";"";"";"";"";"";"";"";"";"";"";"";""
"16";"Cereais e derivados";"Bolo, pronto, chocolate";"19,3";"410";"1715";"6,2";"18,5";"77";"54,7";"1,4";"1,3";"75";"28";"0,38";"197";"2,1";"283";"212";"0,05";"0,7";"0,00001";"";"";"0,13";"0,09";"0,05";"0,00001";"0,00001";"5,5";"6,2";"3";"";"0,06";"2,97";"2,33";"0,07";"0,06";"0,02";"";"0,06";"6,15";"0,04";"2,83";"0,04";"0,02";"";"";"";"2,49";"0,42";"";"";"";"";"";"";"";"";"";"";"";"";"";"";"";"";"";""
"17";"Cereais e derivados";"Bolo, pronto, coco";"29,3";"333";"1395";"5,7";"11,3";"63";"52,3";"1,1";"1,4";"57";"16";"0,4";"303";"0,8";"190";"143";"0,09";"0,7";"0,00001";"0,00001";"0,00001";"0,15";"0,06";"0,00001";"0,00001";"0,00001";"4,9";"3";"1,8";"1";"0,48";"1,82";"1,24";"0,03";"0,03";"0,01";"";"0,05";"2,92";"0,03";"1,69";"0,06";"0,02";"";"";"";"0,89";"0,19";"";"";"";"";"";"";"";"";"";"";"";"";"";"";"";"";"";""
"18";"Cereais e derivados";"Bolo, pronto, milho";"36,7";"311";"1303";"4,8";"12,4";"82";"45,1";"0,7";"1";"83";"10";"0,11";"128";"0,7";"134";"118";"0,04";"0,4";"57";"";"";"0,11";"0,05";"0,00001";"0,00001";"0,00001";"4,5";"3,9";"1,5";"0,79";"0,37";"1,79";"1,19";"0,04";"0,05";"0,01";"";"0,06";"3,79";"0,03";"1,34";"0,08";"0,04";"";"";"";"1,82";"0,17";"";"";"";"";"";"";"";"";"";"";"";"";"";"";"";"";"";""
"19";"Cereais e derivados";"Canjica, branca, crua";"13,6";"358";"1496";"7,2";"1";"";"78,1";"5,5";"0,2";"2";"12";"0,09";"48";"0,3";"1";"93";"0,05";"0,4";"";"";"";"0,00001";"0,00001";"0,00001";"0,00001";"0,00001";"0,3";"0,2";"0,4";"";"";"0,27";"0,03";"0,00001";"";"0,00001";"";"0,00001";"0,24";"0,00001";"0,38";"0,01";"";"";"";"";"";"";"";"";"";"";"";"";"";"";"";"";"";"";"";"";"";"";"";""
"20";"Cereais e derivados";"Canjica, com leite integral";"72,5";"112";"471";"2,4";"1,2";"1";"23,6";"1,2";"0,3";"43";"6";"0,02";"41";"0,1";"28";"70";"0,03";"0,3";"0,00001";"";"";"0,00001";"0,04";"0,00001";"0,00001";"0,00001";"0,6";"0,4";"0,1";"0,01";"0,08";"0,37";"0,15";"0,00001";"";"";"";"0,02";"0,35";"";"0,15";"0,00001";"";"";"";"";"0,02";"";"";"";"";"";"";"";"";"";"";"";"";"";"";"";"";"";"";""
"21";"Cereais e derivados";"Cereais, milho, flocos, com sal";"9,3";"370";"1546";"7,3";"1,6";"";"80,8";"5,3";"1";"2";"20";"0,00001";"91";"0,5";"272";"69";"0,00001";"0,6";"";"";"";"0,12";"0,00001";"0,06";"0,00001";"0,00001";"0,5";"0,6";"0,9";"";"0,00001";"0,39";"0,05";"0,01";"0,00001";"0,01";"";"0,00001";"0,6";"0,01";"0,89";"0,03";"";"";"";"";"";"";"";"";"";"";"";"";"";"";"";"";"";"";"";"";"";"";"";""
"22";"Cereais e derivados";"Cereais, milho, flocos, sem sal";"11,2";"363";"1520";"6,9";"1,2";"";"80,4";"1,8";"0,3";"2";"17";"0,00001";"58";"1,7";"31";"29";"0,24";"0,3";"";"";"";"0,05";"0,00001";"0,04";"0,00001";"0,00001";"0,3";"0,3";"0,6";"";"0,00001";"0,27";"0,03";"0,01";"0,00001";"0,00001";"";"0,00001";"0,33";"0,00001";"0,6";"0,02";"";"";"";"";"";"";"";"";"";"";"";"";"";"";"";"";"";"";"";"";"";"";"";""
"23";"Cereais e derivados";"Cereais, mingau, milho, infantil";"4,7";"394";"1650";"6,4";"1,1";"";"87,3";"3,2";"0,5";"219";"16";"0,11";"169";"3";"399";"82";"0,04";"0,4";"21";"";"";"3,72";"0,47";"5,08";"24,16";"109,4";"0,3";"0,3";"0,5";"";"0,00001";"0,26";"0,03";"0,00001";"0,00001";"";"";"";"0,28";"0,00001";"0,45";"0,01";"";"";"";"";"0,00001";"0,00001";"";"";"";"";"";"";"";"";"";"";"";"";"";"";"";"";"";""
"24";"Cereais e derivados";"Cereais, mistura para vitamina, trigo, cevada e aveia";"4,4";"381";"1595";"8,9";"2,1";"";"81,6";"5";"3";"584";"72";"2,28";"515";"12,6";"1163";"244";"0,21";"2";"0,00001";"";"";"0,76";"0,88";"1,49";"7,46";"13,1";"0,5";"0,4";"1";"";"0,00001";"0,43";"0,03";"0,00001";"0,00001";"0,00001";"";"0,00001";"0,34";"0,02";"0,93";"0,06";"";"";"";"";"";"0,01";"";"";"";"";"";"";"";"";"";"";"";"";"";"";"";"";"";""
"25";"Cereais e derivados";"Cereal matinal, milho";"5,5";"365";"1529";"7,2";"1";"";"83,8";"4,1";"2,5";"143";"11";"0,06";"101";"3,1";"655";"83";"0,06";"7,6";"";"31";"15";"0,76";"1,02";"2,25";"11,04";"17,3";"0,4";"0,3";"0,3";"";"";"0,32";"0,04";"0,00001";"0,00001";"0,00001";"";"0,00001";"0,32";"";"0,31";"0,00001";"";"0,00001";"";"";"0,00001";"";"";"";"";"";"";"";"";"";"";"";"";"";"";"";"";"";"";""
"26";"Cereais e derivados";"Cereal matinal, milho, açúcar";"4,3";"377";"1576";"4,7";"0,7";"";"88,8";"2,1";"1,5";"56";"8";"0,13";"43";"3,9";"405";"52";"0,04";"8,5";"";"31";"15";"0,73";"1,11";"0,79";"10,13";"14,6";"0,2";"0,3";"0,3";"";"";"0,2";"0,03";"0,00001";"0,00001";"0,00001";"";"0,00001";"0,29";"";"0,33";"0,00001";"";"0,00001";"";"";"0,00001";"";"";"";"";"";"";"";"";"";"";"";"";"";"";"";"";"";"";""
"27";"Cereais e derivados";"Creme de arroz, pó";"7,3";"386";"1615";"7";"1,2";"";"83,9";"1,1";"0,5";"7";"51";"1,24";"153";"0,6";"1";"115";"0,04";"1,9";"";"";"";"0,22";"0,00001";"0,05";"0,00001";"0,00001";"0,4";"0,3";"0,4";"";"0,01";"0,37";"0,03";"0,00001";"";"0,01";"";"0,00001";"0,31";"0,00001";"0,43";"0,01";"";"";"";"";"";"";"";"";"";"";"";"";"";"";"";"";"";"";"";"";"";"";"";""
"28";"Cereais e derivados";"Creme de milho, pó";"5,7";"333";"1393";"4,8";"1,6";"";"86,1";"3,7";"1,7";"323";"30";"0,2";"303";"4,3";"594";"166";"0,04";"0,8";"";"";"";"0,74";"0,00001";"2,05";"0,00001";"96,3";"0,3";"0,5";"0,8";"";"";"0,29";"0,04";"0,01";"";"0,00001";"";"0,00001";"0,45";"0,00001";"0,75";"0,02";"";"";"";"";"";"";"";"";"";"";"";"";"";"";"";"";"";"";"";"";"";"";"";""
"29";"Cereais e derivados";"Curau, milho verde";"81,6";"78";"328";"2,4";"1,6";"5";"13,9";"0,5";"0,5";"53";"16";"0,06";"75";"0,4";"21";"162";"0,03";"0,4";"12";"20";"16";"0,04";"0,07";"0,00001";"0,00001";"0,00001";"0,8";"0,5";"0,2";"0,01";"0,11";"0,48";"0,19";"0,00001";"";"";"0,00001";"0,03";"0,44";"";"0,17";"0,00001";"";"";"";"";"0,04";"";"";"";"";"";"";"";"";"";"";"";"";"";"";"";"";"";"";""
"30";"Cereais e derivados";"Curau, milho verde, mistura para";"3,9";"402";"1683";"2,2";"13,4";"";"79,8";"2,5";"0,7";"31";"9";"0,05";"45";"0,9";"223";"55";"0,03";"0,2";"";"";"";"0,13";"0,00001";"0,00001";"0,00001";"0,00001";"3";"4,9";"1,4";"";"0,01";"1,55";"1,3";"0,05";"0,06";"0,03";"";"";"4,85";"0,03";"1,38";"0,03";"";"";"";"";"2,81";"0,63";"";"";"";"";"";"";"";"";"";"";"";"";"";"";"";"";"";""
"31";"Cereais e derivados";"Farinha, de arroz, enriquecida";"12,7";"363";"1519";"1,3";"0,3";"";"85,5";"0,6";"0,2";"1";"4";"0,04";"36";"31,4";"17";"13";"0,00001";"8,5";"";"";"";"3,23";"0,00001";"3,47";"24,42";"173,6";"0,2";"0,1";"0,2";"0,00001";"0,00001";"0,18";"0,01";"0,00001";"0,00001";"0,00001";"";"0,00001";"0,08";"0,00001";"0,17";"0,01";"";"";"";"";"0,00001";"0,00001";"";"";"";"";"";"";"";"";"";"";"";"";"";"";"";"";"";""
"32";"Cereais e derivados";"Farinha, de centeio, integral";"10,8";"336";"1405";"12,5";"1,8";"";"73,3";"15,5";"1,7";"34";"120";"3,86";"340";"4,7";"41";"334";"0,56";"2,7";"";"";"";"0,29";"0,03";"0,08";"0,00001";"0,00001";"0,3";"0,3";"0,8";"";"0,00001";"0,31";"0,02";"0,00001";"0,00001";"";"";"0,00001";"0,26";"0,01";"0,73";"";"";"";"";"";"";"0,00001";"";"";"";"";"";"";"";"";"";"";"";"";"";"";"";"";"";""
"33";"Cereais e derivados";"Farinha, de milho, amarela";"11,8";"351";"1467";"7,2";"1,5";"";"79,1";"5,5";"0,5";"1";"31";"0,00001";"84";"2,3";"45";"58";"0,27";"0,6";"";"18";"9";"0,25";"0,00001";"0,25";"0,00001";"0,00001";"0,4";"0,4";"0,6";"0,00001";"0,00001";"0,3";"0,04";"0,01";"";"";"";"0,00001";"0,38";"0,00001";"0,63";"0,02";"";"";"";"";"";"";"";"";"";"";"";"";"";"";"";"";"";"";"";"";"";"";"";""
"34";"Cereais e derivados";"Farinha, de rosca";"9,8";"371";"1550";"11,4";"1,5";"";"75,8";"4,8";"1,6";"35";"57";"1,62";"195";"6,7";"333";"212";"0,26";"1,7";"";"";"";"0,25";"0,00001";"0,09";"0,00001";"0,00001";"0,6";"0,4";"0,8";"0,01";"0,02";"0,44";"0,07";"0,00001";"";"";"";"0,01";"0,37";"0,01";"0,74";"0,05";"";"";"";"";"0,02";"0,01";"";"";"";"";"";"";"";"";"";"";"";"";"";"";"";"";"";""
"35";"Cereais e derivados";"Farinha, de trigo";"13";"360";"1508";"9,8";"1,4";"";"75,1";"2,3";"0,8";"18";"31";"0,46";"115";"1";"1";"151";"0,15";"0,8";"";"";"";"0,31";"0,00001";"0,00001";"0,89";"0,00001";"0,3";"0,2";"0,4";"";"0,00001";"0,3";"0,01";"0,00001";"0,00001";"0,00001";"";"0,00001";"0,13";"";"0,43";"0,01";"";"0,00001";"0,00001";"";"";"0,00001";"";"";"";"";"";"";"";"";"";"";"";"";"";"";"";"";"";""
"36";"Cereais e derivados";"Farinha, láctea, de cereais";"2,7";"415";"1736";"11,9";"5,8";"11";"77,8";"1,9";"1,9";"196";"58";"1,49";"296";"8,7";"125";"366";"0,19";"1,7";"492";"";"";"1,43";"1,13";"1,14";"9,5";"24,3";"3,3";"1,4";"0,6";"0,12";"0,5";"1,73";"0,58";"0,01";"0,01";"";"0,03";"0,11";"1,2";"";"0,59";"0,03";"";"";"";"";"0,13";"0,02";"";"";"";"";"";"";"";"";"";"";"";"";"";"";"";"";"";""
"37";"Cereais e derivados";"Lasanha, massa fresca, cozida";"59,6";"164";"685";"5,8";"1,2";"";"32,5";"1,6";"0,9";"10";"4";"0,2";"42";"1,2";"207";"54";"0,07";"0,4";"";"";"";"0,04";"0,00001";"0,00001";"3,96";"";"0,6";"0,4";"0,1";"";"";"0,48";"0,1";"";"";"";"";"0,02";"0,4";"0,00001";"0,1";"";"";"";"";"";"";"";"";"";"";"";"";"";"";"";"";"";"";"";"";"";"";"";"";""
"38";"Cereais e derivados";"Lasanha, massa fresca, crua";"45";"220";"922";"7";"1,3";"";"45,1";"1,6";"1,6";"17";"13";"0,34";"82";"1,9";"667";"137";"0,1";"0,8";"";"";"";"0,08";"0,00001";"0,00001";"0,00001";"";"0,5";"0,4";"0,4";"";"";"0,39";"0,08";"";"";"";"";"0,01";"0,39";"0,00001";"0,38";"0,01";"";"";"";"";"";"";"";"";"";"";"";"";"";"";"";"";"";"";"";"";"";"";"";""
"39";"Cereais e derivados";"Macarrão, instantâneo";"6";"436";"1824";"8,8";"17,2";"";"62,4";"5,6";"5,6";"18";"19";"0,25";"112";"0,8";"1516";"148";"0,1";"0,5";"";"";"";"1,18";"0,04";"0,53";"9,37";"0,00001";"";"";"";"";"";"";"";"";"";"";"";"";"";"";"";"";"";"";"";"";"";"";"";"";"";"";"";"";"";"";"";"";"";"";"";"";"";"";"";""
"40";"Cereais e derivados";"Macarrão, trigo, cru";"10,2";"371";"1553";"10";"1,3";"";"77,9";"2,9";"0,5";"17";"28";"0,53";"100";"0,9";"7";"147";"0,15";"0,8";"";"";"";"0,18";"0,02";"0,00001";"3,57";"0,00001";"";"";"";"";"";"";"";"";"";"";"";"";"";"";"";"";"";"";"";"";"";"";"";"";"";"";"";"";"";"";"";"";"";"";"";"";"";"";"";""
"41";"Cereais e derivados";"Macarrão, trigo, cru, com ovos";"10,6";"371";"1550";"10,3";"2";"18";"76,6";"2,3";"0,5";"19";"0,00001";"0,4";"118";"0,9";"15";"134";"0,14";"0,8";"0,00001";"";"";"0,11";"0,05";"0,03";"4,37";"0,00001";"0,5";"0,4";"0,8";"";"";"0,46";"0,07";"0,00001";"0,00001";"0,00001";"";"0,00001";"0,38";"0,00001";"0,73";"0,03";"";"";"";"";"";"0,00001";"";"";"";"";"";"";"";"";"";"";"";"";"";"";"";"";"";""
"42";"Cereais e derivados";"Milho, amido, cru";"12,2";"361";"1512";"0,6";"0,00001";"";"87,1";"0,7";"0,1";"1";"3";"0,02";"13";"0,1";"8";"9";"0,02";"0,1";"";"";"";"0,00001";"0,00001";"0,00001";"0,00001";"0,00001";"";"";"";"";"";"";"";"";"";"";"";"";"";"";"";"";"";"";"";"";"";"";"";"";"";"";"";"";"";"";"";"";"";"";"";"";"";"";"";""
"43";"Cereais e derivados";"Milho, fubá, cru";"11,5";"353";"1479";"7,2";"1,9";"";"78,9";"4,7";"0,6";"3";"41";"0,34";"108";"0,9";"0,00001";"168";"0,08";"1,1";"";"26";"13";"0,25";"0,00001";"0,00001";"0,75";"0,00001";"0,4";"0,9";"1,3";"";"";"0,35";"0,07";"0,02";"0,00001";"0,00001";"";"0,00001";"0,89";"0,00001";"1,29";"0,03";"";"";"0,00001";"";"";"";"";"";"";"";"";"";"";"";"";"";"";"";"";"";"";"";"";""
"44";"Cereais e derivados";"Milho, verde, cru";"63,5";"138";"578";"6,6";"0,6";"";"28,6";"3,9";"0,7";"2";"33";"0,12";"113";"0,4";"1";"185";"0,05";"0,5";"";"32";"16";"0,3";"0,00001";"0,04";"0,00001";"0,00001";"0,2";"0,2";"0,6";"";"";"0,16";"0,01";"0,00001";"0,00001";"0,00001";"";"0,00001";"0,23";"0,00001";"0,53";"0,02";"";"";"";"";"";"";"";"";"";"";"";"";"";"";"";"";"";"";"";"";"";"";"";""
"45";"Cereais e derivados";"Milho, verde, enlatado, drenado";"76,2";"98";"408";"3,2";"2,4";"";"17,1";"4,6";"1,1";"2";"20";"0,09";"61";"0,6";"260";"162";"0,05";"0,5";"";"48";"24";"0,00001";"0,05";"0,00001";"3,74";"1,7";"0,6";"0,8";"0,9";"";"";"0,49";"0,06";"0,01";"";"";"";"0,00001";"0,78";"0,00001";"0,88";"0,03";"";"";"";"";"";"";"";"";"";"";"";"";"";"";"";"";"";"";"";"";"";"";"";""
"46";"Cereais e derivados";"Mingau tradicional, pó";"8,1";"373";"1562";"0,6";"0,4";"";"89,3";"0,9";"1,6";"522";"4";"0,00001";"273";"42";"15";"0,00001";"0,00001";"15,2";"1533";"";"";"3,41";"0,00001";"3,11";"19,39";"0,00001";"0,1";"0,00001";"0,1";"0,00001";"";"0,12";"0,01";"";"";"";"";"";"0,05";"";"0,13";"0,01";"";"";"";"";"";"";"";"";"";"";"";"";"";"";"";"";"";"";"";"";"";"";"";""
"47";"Cereais e derivados";"Pamonha, barra para cozimento, pré-cozida";"61,3";"171";"716";"2,6";"4,8";"";"30,7";"2,4";"0,6";"4";"15";"0,12";"55";"0,4";"132";"125";"0,03";"0,4";"";"";"";"0,00001";"0,00001";"0,00001";"0,00001";"0,00001";"0,5";"0,7";"1,4";"";"0,01";"0,37";"0,12";"0,01";"0,01";"0,01";"";"";"0,65";"0,02";"1,32";"0,09";"";"";"";"";"0,07";"0,04";"";"";"";"";"";"";"";"";"";"";"";"";"";"";"";"";"";""
"48";"Cereais e derivados";"Pão, aveia, forma";"19,9";"343";"1435";"12,4";"5,7";"0,00001";"59,6";"6";"2,5";"109";"57";"1,08";"182";"4,7";"606";"210";"0,14";"1,7";"0,00001";"";"";"0,09";"0,03";"0,08";"0,00001";"0,00001";"1,1";"1";"1,6";"0,00001";"0,01";"0,62";"0,4";"0,01";"0,01";"";"";"0,01";"0,94";"0,02";"1,06";"0,59";"";"";"";"";"0,11";"0,01";"";"";"";"";"";"";"";"";"";"";"";"";"";"";"";"";"";""
"49";"Cereais e derivados";"Pão, de soja";"26";"309";"1292";"11,3";"3,6";"";"56,5";"5,7";"2,5";"90";"48";"0,57";"153";"3,3";"663";"296";"0,16";"1,5";"";"";"";"0,07";"0,04";"0,79";"0,00001";"0,00001";"0,7";"0,6";"1,6";"";"0,01";"0,52";"0,16";"0,01";"0,01";"";"";"0,01";"0,62";"0,01";"1,41";"0,14";"";"";"";"";"0,01";"";"";"";"";"";"";"";"";"";"";"";"";"";"";"";"";"";"";""
"50";"Cereais e derivados";"Pão, glúten, forma";"40,7";"253";"1059";"12";"2,7";"";"44,1";"2,5";"0,5";"156";"24";"0,51";"105";"5,7";"22";"65";"0,06";"1,3";"";"";"";"0,04";"0,03";"0,00001";"0,00001";"0,00001";"0,5";"0,6";"0,7";"";"0,00001";"0,39";"0,08";"0,01";"0,01";"";"";"0,01";"0,56";"0,01";"0,69";"0,04";"";"";"";"";"0,11";"0,05";"";"";"";"";"";"";"";"";"";"";"";"";"";"";"";"";"";""
"51";"Cereais e derivados";"Pão, milho, forma";"30,4";"292";"1222";"8,3";"3,1";"6";"56,4";"4,3";"1,8";"78";"29";"0,37";"110";"3";"507";"89";"0,1";"0,8";"0,00001";"";"";"0,08";"0,00001";"0,08";"0,00001";"0,00001";"0,6";"0,6";"1";"0,01";"0,01";"0,47";"0,11";"0,01";"0,01";"";"";"0,01";"0,62";"0,01";"0,98";"0,03";"";"";"";"";"0,07";"";"";"";"";"";"";"";"";"";"";"";"";"";"";"";"";"";"";""
"52";"Cereais e derivados";"Pão, trigo, forma, integral";"34,7";"253";"1059";"9,4";"3,7";"";"49,9";"6,9";"2,3";"132";"60";"1,62";"193";"3";"506";"163";"0,15";"1,6";"";"";"";"0,08";"0,04";"0,15";"0,00001";"0,00001";"0,7";"0,8";"1,1";"0,00001";"0,01";"0,5";"0,19";"0,01";"0,01";"";"";"0,02";"0,74";"0,01";"0,98";"0,08";"";"";"";"";"0,21";"0,07";"";"";"";"";"";"";"";"";"";"";"";"";"";"";"";"";"";""
"53";"Cereais e derivados";"Pão, trigo, francês";"28,5";"300";"1254";"8";"3,1";"";"58,6";"2,3";"1,8";"16";"25";"0,46";"95";"1";"648";"142";"0,13";"0,8";"3";"";"";"0,39";"0,67";"0,6";"2,34";"";"1";"0,9";"0,7";"0,00001";"0,01";"0,65";"0,29";"0,01";"0,01";"";"";"0,00001";"0,85";"0,01";"0,7";"0,04";"";"";"";"";"0,35";"0,02";"";"";"";"";"";"";"";"";"";"";"";"";"";"";"";"";"";""
"54";"Cereais e derivados";"Pão, trigo, sovado";"25,8";"311";"1301";"8,4";"2,8";"17";"61,5";"2,4";"1,5";"52";"22";"0,31";"101";"2,3";"431";"91";"0,00001";"2,7";"0,00001";"";"";"0,08";"0,04";"0,15";"0,00001";"0,00001";"0,8";"0,7";"0,7";"0,01";"0,01";"0,66";"0,14";"";"";"";"";"0,02";"0,62";"0,01";"0,68";"0,04";"";"";"";"";"0,06";"";"";"";"";"";"";"";"";"";"";"";"";"";"";"";"";"";"";""
"55";"Cereais e derivados";"Pastel, de carne, cru";"34,4";"289";"1208";"10,7";"8,8";"18";"42";"1";"4,1";"17";"18";"0,34";"117";"2";"1309";"166";"0,11";"1,7";"0,00001";"";"";"0,06";"0,03";"0,00001";"1,58";"0,00001";"3,7";"2,9";"1,1";"0,07";"0,12";"2,47";"1";"0,03";"0,01";"0,01";"0,01";"0,05";"2,82";"0,01";"1,06";"0,04";"";"";"";"";"0,52";"0,07";"";"";"";"";"";"";"";"";"";"";"";"";"";"";"";"";"";""
"56";"Cereais e derivados";"Pastel, de carne, frito";"22,9";"388";"1625";"10,1";"20,1";"25";"43,8";"1";"3,1";"13";"14";"0,22";"90";"2,5";"1040";"156";"0,12";"1,2";"0,00001";"";"";"0,06";"0,05";"0,00001";"1,83";"";"4,8";"5,9";"7,6";"";"0,12";"2,73";"1,7";"0,06";"0,1";"0,04";"";"0,08";"5,74";"0,04";"6,97";"0,59";"0,02";"";"";"";"0,54";"0,15";"0,12";"0,3";"0,41";"0,81";"0,39";"0,19";"0,07";"0,5";"0,36";"0,5";"0,41";"0,18";"0,31";"0,54";"3,37";"0,3";"1,18";"0,47"
"57";"Cereais e derivados";"Pastel, de queijo, cru";"31,3";"308";"1291";"9,9";"9,6";"14";"45,9";"1,1";"3,3";"155";"16";"0,24";"168";"1";"985";"103";"0,1";"1";"0,00001";"";"";"0,07";"0,03";"0,00001";"0,00001";"0,00001";"";"";"";"";"";"";"";"";"";"";"";"";"";"";"";"";"";"";"";"";"";"";"";"";"";"";"";"";"";"";"";"";"";"";"";"";"";"";"";""
"58";"Cereais e derivados";"Pastel, de queijo, frito";"17,5";"422";"1766";"8,7";"22,7";"15";"48,1";"0,9";"2,9";"126";"15";"0,2";"124";"1,3";"821";"124";"0,1";"0,8";"18";"";"";"0,09";"0,04";"0,00001";"0,00001";"0,00001";"";"";"";"";"";"";"";"";"";"";"";"";"";"";"";"";"";"";"";"";"";"";"";"";"";"";"";"";"";"";"";"";"";"";"";"";"";"";"";""
"59";"Cereais e derivados";"Pastel, massa, crua";"27,1";"310";"1298";"6,9";"5,5";"";"57,4";"1,4";"3,2";"13";"14";"0,38";"73";"1,1";"1344";"167";"0,11";"0,6";"";"";"";"0,15";"0,00001";"0,00001";"0,00001";"";"2,1";"1,7";"0,9";"0,02";"0,03";"1,5";"0,49";"0,02";"0,02";"0,01";"";"0,01";"1,66";"0,01";"0,91";"0,03";"";"";"";"";"0,47";"0,05";"";"";"";"";"";"";"";"";"";"";"";"";"";"";"";"";"";""
"60";"Cereais e derivados";"Pastel, massa, frita";"1";"570";"2384";"6";"40,9";"";"49,3";"1,3";"2,8";"11";"13";"0,36";"62";"1,4";"1175";"143";"0,08";"0,5";"";"";"";"0,16";"0,00001";"0,00001";"0,00001";"";"6,9";"10,1";"21,2";"";"0,04";"4,92";"1,48";"0,16";"0,2";"0,08";"";"0,00001";"9,75";"0,33";"19,61";"1,32";"";"";"";"";"";"";"";"";"";"";"";"";"";"";"";"";"";"";"";"";"";"";"";""
"61";"Cereais e derivados";"Pipoca, com óleo de soja, sem sal";"2,8";"448";"1876";"9,9";"15,9";"";"70,3";"14,3";"1";"3";"91";"0,65";"225";"1,2";"4";"256";"0,46";"2";"";"";"";"0,03";"0,03";"0,00001";"0,00001";"0,00001";"2,4";"3,7";"9,2";"";"";"1,77";"0,46";"0,05";"0,06";"0,03";"";"";"3,67";"0,03";"8,48";"0,69";"";"";"";"";"";"";"";"";"";"";"";"";"";"";"";"";"";"";"";"";"";"";"";""
"62";"Cereais e derivados";"Polenta, pré-cozida";"72,7";"103";"430";"2,3";"0,3";"";"23,3";"2,4";"1,4";"1";"4";"0,00001";"17";"0,00001";"442";"100";"0,04";"0,1";"";"";"";"0,04";"0,00001";"0,00001";"0,00001";"0,00001";"";"";"";"";"";"";"";"";"";"";"";"";"";"";"";"";"";"";"";"";"";"";"";"";"";"";"";"";"";"";"";"";"";"";"";"";"";"";"";""
"63";"Cereais e derivados";"Torrada, pão francês";"9";"377";"1579";"10,5";"3,3";"";"74,6";"3,4";"2,6";"19";"32";"0,55";"114";"1,2";"829";"189";"0,16";"0,9";"";"";"";"0,38";"0,00001";"0,00001";"0,00001";"0,00001";"0,9";"0,8";"1";"";"0,01";"0,63";"0,19";"0,01";"0,01";"0,01";"";"0,01";"0,76";"0,01";"0,99";"0,05";"";"";"";"";"0,38";"0,07";"";"";"";"";"";"";"";"";"";"";"";"";"";"";"";"";"";""
"64";"Verduras, hortaliças e derivados";"Abóbora, cabotian, cozida";"86,4";"48";"201";"1,4";"0,7";"";"10,8";"2,5";"0,7";"8";"9";"0,26";"33";"0,3";"1";"199";"0,06";"0,3";"";"";"";"0,08";"0,00001";"0,07";"0,00001";"7,5";"0,1";"0,2";"0,2";"";"0,00001";"0,12";"0,02";"0,00001";"";"";"";"0,00001";"0,22";"0,00001";"0,15";"0,08";"";"";"";"";"";"";"";"";"";"";"";"";"";"";"";"";"";"";"";"";"";"";"";""
"65";"Verduras, hortaliças e derivados";"Abóbora, cabotian, crua";"88,5";"39";"161";"1,7";"0,5";"";"8,4";"2,2";"0,8";"18";"9";"0,11";"26";"0,4";"0,00001";"351";"0,06";"0,3";"";"446";"223";"0,00001";"0,00001";"0,1";"0,00001";"5,1";"0,1";"0,1";"0";"";"";"0,11";"0,01";"";"";"";"";"";"0,08";"";"0,04";"0,01";"";"";"";"";"";"";"";"";"";"";"";"";"";"";"";"";"";"";"";"";"";"";"";""
"66";"Verduras, hortaliças e derivados";"Abóbora, menina brasileira, crua";"95,7";"14";"57";"0,6";"0,00001";"";"3,3";"1,2";"0,4";"9";"4";"0,01";"12";"0,2";"0,00001";"165";"0,02";"0,00001";"";"1108";"554";"0,07";"0,00001";"0,04";"0,00001";"1,5";"";"";"";"";"";"";"";"";"";"";"";"";"";"";"";"";"";"";"";"";"";"";"";"";"";"";"";"";"";"";"";"";"";"";"";"";"";"";"";""
"67";"Verduras, hortaliças e derivados";"Abóbora, moranga, crua";"95,9";"12";"52";"1";"0,1";"";"2,7";"1,7";"0,4";"3";"2";"0,01";"8";"0,00001";"0,00001";"125";"0,05";"0,1";"";"278";"139";"0,00001";"0,00001";"0,06";"0,00001";"9,6";"";"";"";"";"";"";"";"";"";"";"";"";"";"";"";"";"";"";"";"";"";"";"";"";"";"";"";"";"";"";"";"";"";"";"";"";"";"";"";""
"68";"Verduras, hortaliças e derivados";"Abóbora, moranga, refogada";"92,5";"29";"121";"0,4";"0,8";"";"6";"1,5";"0,4";"19";"7";"0,02";"12";"0,1";"3";"183";"0,04";"0,1";"";"95";"48";"0,05";"0,00001";"0,05";"0,00001";"6,7";"0,1";"0,2";"0,4";"";"";"0,09";"0,03";"0,00001";"0,00001";"";"";"";"0,19";"";"0,4";"0,05";"";"";"";"";"";"";"";"";"";"";"";"";"";"";"";"";"";"";"";"";"";"";"";""
"69";"Verduras, hortaliças e derivados";"Abóbora, pescoço, crua";"92,5";"24";"102";"0,7";"0,1";"";"6,1";"2,3";"0,6";"9";"7";"0,07";"32";"0,3";"1";"264";"0,09";"0,2";"";"";"";"0,00001";"0,00001";"0,06";"0,00001";"2,1";"";"";"";"";"";"";"";"";"";"";"";"";"";"";"";"";"";"";"";"";"";"";"";"";"";"";"";"";"";"";"";"";"";"";"";"";"";"";"";""
"70";"Verduras, hortaliças e derivados";"Abobrinha, italiana, cozida";"95,3";"15";"63";"1,1";"0,2";"";"3";"1,6";"0,4";"17";"17";"0,11";"22";"0,2";"1";"126";"0,01";"0,3";"";"";"";"0,05";"0,00001";"0,06";"0,00001";"2,1";"0,1";"0,00001";"0,1";"";"";"0,05";"0,00001";"0,00001";"0,00001";"0,00001";"";"";"0,00001";"";"0,03";"0,03";"";"";"";"";"";"";"";"";"";"";"";"";"";"";"";"";"";"";"";"";"";"";"";""
"71";"Verduras, hortaliças e derivados";"Abobrinha, italiana, crua";"93,9";"19";"81";"1,1";"0,1";"";"4,3";"1,4";"0,6";"15";"20";"0,09";"32";"0,2";"0,00001";"253";"0,05";"0,2";"";"41";"20";"0,00001";"0,06";"0,03";"0,00001";"6,9";"";"";"";"";"";"";"";"";"";"";"";"";"";"";"";"";"";"";"";"";"";"";"";"";"";"";"";"";"";"";"";"";"";"";"";"";"";"";"";""
"72";"Verduras, hortaliças e derivados";"Abobrinha, italiana, refogada";"93,5";"24";"102";"1,1";"0,8";"";"4,2";"1,4";"0,4";"21";"13";"0,14";"32";"0,4";"2";"194";"0,02";"0,3";"";"42";"21";"0,04";"0,00001";"0,00001";"0,00001";"7,5";"0,1";"0,2";"0,5";"";"";"0,1";"0,03";"0,00001";"0,00001";"0,00001";"";"";"0,18";"";"0,4";"0,06";"";"";"";"";"";"";"";"";"";"";"";"";"";"";"";"";"";"";"";"";"";"";"";""
"73";"Verduras, hortaliças e derivados";"Abobrinha, paulista, crua";"90,9";"31";"129";"0,6";"0,1";"";"7,9";"2,6";"0,5";"19";"9";"0,11";"33";"0,2";"1";"213";"0,1";"0,2";"";"";"";"0,00001";"0,00001";"0,03";"0,00001";"17,5";"";"";"";"";"";"";"";"";"";"";"";"";"";"";"";"";"";"";"";"";"";"";"";"";"";"";"";"";"";"";"";"";"";"";"";"";"";"";"";""
"74";"Verduras, hortaliças e derivados";"Acelga, crua";"93,2";"21";"88";"1,4";"0,1";"";"4,6";"1,1";"0,6";"43";"10";"0,11";"40";"0,3";"1";"240";"0,1";"0,3";"";"";"";"0,04";"0,00001";"0,16";"0,00001";"22,6";"";"";"";"";"";"";"";"";"";"";"";"";"";"";"";"";"";"";"";"";"";"";"";"";"";"";"";"";"";"";"";"";"";"";"";"";"";"";"";""
"75";"Verduras, hortaliças e derivados";"Agrião, cru";"93,9";"17";"69";"2,7";"0,2";"";"2,3";"2,1";"0,9";"133";"18";"0,28";"51";"3,1";"7";"218";"0,1";"0,7";"";"458";"229";"0,11";"0,23";"0,09";"1,19";"60,1";"";"";"";"";"";"";"";"";"";"";"";"";"";"";"";"";"";"";"";"";"";"";"";"";"";"";"";"";"";"";"";"";"";"";"";"";"";"";"";""
"76";"Verduras, hortaliças e derivados";"Aipo, cru";"93,8";"19";"80";"0,8";"0,1";"";"4,3";"1";"1,1";"65";"9";"0,18";"28";"0,7";"10";"274";"0,31";"0,1";"";"916";"458";"0,00001";"0,00001";"0,18";"0,00001";"5,9";"";"";"";"";"";"";"";"";"";"";"";"";"";"";"";"";"";"";"";"";"";"";"";"";"";"";"";"";"";"";"";"";"";"";"";"";"";"";"";""
"77";"Verduras, hortaliças e derivados";"Alface, americana, crua";"97,2";"9";"37";"0,6";"0,1";"";"1,7";"1";"0,3";"14";"6";"0,12";"19";"0,3";"7";"136";"0,02";"0,2";"";"";"";"0,03";"0,00001";"0,04";"0,00001";"11";"";"";"";"";"";"";"";"";"";"";"";"";"";"";"";"";"";"";"";"";"";"";"";"";"";"";"";"";"";"";"";"";"";"";"";"";"";"";"";""
"78";"Verduras, hortaliças e derivados";"Alface, crespa, crua";"96,1";"11";"45";"1,3";"0,2";"";"1,7";"1,8";"0,7";"38";"11";"0,2";"26";"0,4";"3";"267";"0,03";"0,3";"";"234";"117";"0,11";"0,12";"0,00001";"1,09";"15,6";"";"";"";"";"";"";"";"";"";"";"";"";"";"";"";"";"";"";"";"";"";"";"";"";"";"";"";"";"";"";"";"";"";"";"";"";"";"";"";""
"79";"Verduras, hortaliças e derivados";"Alface, lisa, crua";"95";"14";"58";"1,7";"0,1";"";"2,4";"2,3";"0,8";"28";"9";"0,33";"26";"0,6";"4";"349";"0,03";"0,3";"";"368";"184";"0,09";"0,08";"0,07";"0,75";"21,4";"";"";"";"";"";"";"";"";"";"";"";"";"";"";"";"";"";"";"";"";"";"";"";"";"";"";"";"";"";"";"";"";"";"";"";"";"";"";"";""
"80";"Verduras, hortaliças e derivados";"Alface, roxa, crua";"95,7";"13";"53";"0,9";"0,2";"";"2,5";"2";"0,7";"34";"9";"0,12";"51";"2,5";"7";"308";"0,04";"0,2";"";"312";"156";"0,00001";"0,00001";"0,00001";"0,00001";"13,5";"";"";"";"";"";"";"";"";"";"";"";"";"";"";"";"";"";"";"";"";"";"";"0";"0,03";"0,03";"0,06";"0,05";"0,01";"0";"0,04";"0,04";"0,04";"0,06";"0,02";"0,05";"0,05";"0,11";"0,04";"0,03";"0,03"
"81";"Verduras, hortaliças e derivados";"Alfavaca, crua";"90,2";"29";"122";"2,7";"0,5";"";"5,2";"4,1";"1,4";"258";"84";"0,15";"50";"1,3";"5";"261";"0,15";"0,7";"";"";"";"0,00001";"0,12";"0,56";"0,00001";"0,00001";"0,1";"0,00001";"0,2";"0,00001";"0,00001";"0,11";"0,02";"0,00001";"0,00001";"0,00001";"";"0,01";"0,01";"";"0,04";"0,16";"";"";"";"";"";"";"";"";"";"";"";"";"";"";"";"";"";"";"";"";"";"";"";""
"82";"Verduras, hortaliças e derivados";"Alho, cru";"67,5";"113";"473";"7";"0,2";"";"23,9";"4,3";"1,3";"14";"21";"0,24";"149";"0,8";"5";"535";"0,15";"0,8";"";"";"";"0,18";"0,00001";"0,44";"0,00001";"";"";"";"";"";"";"";"";"";"";"";"";"";"";"";"";"";"";"";"";"";"";"";"";"";"";"";"";"";"";"";"";"";"";"";"";"";"";"";"";""
"83";"Verduras, hortaliças e derivados";"Alho-poró, cru";"91";"32";"132";"1,4";"0,1";"";"6,9";"2,5";"0,6";"34";"11";"0,1";"36";"0,6";"2";"224";"0,29";"0,2";"";"16";"8";"0,06";"0,00001";"0,08";"0,34";"14,1";"";"";"";"";"";"";"";"";"";"";"";"";"";"";"";"";"";"";"";"";"";"";"0,01";"0,03";"0,04";"0,07";"0,08";"0,01";"0";"0,05";"0,06";"0,05";"0,08";"0,02";"0,06";"0,05";"0,18";"0,05";"0,03";"0,04"
"84";"Verduras, hortaliças e derivados";"Almeirão, cru";"93,7";"18";"75";"1,8";"0,2";"";"3,3";"2,6";"1";"19";"21";"0,17";"40";"0,7";"2";"369";"0,1";"0,3";"";"566";"283";"0,1";"0,18";"0,00001";"0,63";"1,7";"";"";"";"";"";"";"";"";"";"";"";"";"";"";"";"";"";"";"";"";"";"";"";"";"";"";"";"";"";"";"";"";"";"";"";"";"";"";"";""
"85";"Verduras, hortaliças e derivados";"Almeirão, refogado";"86,5";"65";"272";"1,7";"4,8";"";"5,7";"3,4";"1,2";"63";"17";"0,28";"31";"1,6";"15";"315";"0,06";"0,2";"";"";"";"0,03";"0,06";"0,05";"4,03";"1,5";"0,8";"1,1";"2,6";"";"";"0,53";"0,19";"0,02";"0,02";"0,00001";"";"0,00001";"1,11";"0,03";"2,3";"0,35";"";"";"";"";"";"0,04";"";"";"";"";"";"";"";"";"";"";"";"";"";"";"";"";"";""
"86";"Verduras, hortaliças e derivados";"Batata, baroa, cozida";"79,3";"80";"335";"0,9";"0,2";"";"18,9";"1,8";"0,8";"12";"8";"0,22";"29";"0,4";"2";"258";"0,15";"0,4";"";"";"";"0,06";"0,00001";"0,00001";"1,98";"17,1";"";"";"";"";"";"";"";"";"";"";"";"";"";"";"";"";"";"";"";"";"";"";"";"";"";"";"";"";"";"";"";"";"";"";"";"";"";"";"";""
"87";"Verduras, hortaliças e derivados";"Batata, baroa, crua";"73,7";"101";"423";"1";"0,2";"";"24";"2,1";"1,1";"17";"12";"0,07";"45";"0,3";"0,00001";"505";"0,05";"0,2";"";"25";"12";"0,05";"0,00001";"0,12";"0,00001";"7,6";"";"";"";"";"";"";"";"";"";"";"";"";"";"";"";"";"";"";"";"";"";"";"";"";"";"";"";"";"";"";"";"";"";"";"";"";"";"";"";""
"88";"Verduras, hortaliças e derivados";"Batata, doce, cozida";"80,4";"77";"321";"0,6";"0,1";"";"18,4";"2,2";"0,4";"17";"11";"0,14";"15";"0,2";"3";"148";"0,06";"0,1";"";"";"";"0,08";"0,00001";"0,05";"2,57";"23,8";"";"";"";"";"";"";"";"";"";"";"";"";"";"";"";"";"";"";"";"";"";"";"";"";"";"";"";"";"";"";"";"";"";"";"";"";"";"";"";""
"89";"Verduras, hortaliças e derivados";"Batata, doce, crua";"69,5";"118";"495";"1,3";"0,1";"";"28,2";"2,6";"0,9";"21";"17";"0,18";"36";"0,4";"9";"340";"0,11";"0,2";"";"";"";"0,06";"0,00001";"0,1";"0,00001";"16,5";"";"";"";"";"";"";"";"";"";"";"";"";"";"";"";"";"";"";"";"";"";"";"";"";"";"";"";"";"";"";"";"";"";"";"";"";"";"";"";""
"90";"Verduras, hortaliças e derivados";"Batata, frita, tipo chips, industrializada";"2,7";"543";"2271";"5,6";"36,6";"";"51,2";"2,5";"3,9";"12";"24";"0,23";"96";"0,7";"607";"1014";"0,12";"0,6";"";"";"";"0,2";"0,00001";"0,13";"2,61";"0,00001";"12,9";"11,9";"4";"0,1";"0,25";"10,98";"1,3";"0,11";"0,02";"0,02";"";"0,04";"11,83";"0,05";"3,85";"0,09";"";"";"";"";"0,02";"0,09";"";"";"";"";"";"";"";"";"";"";"";"";"";"";"";"";"";""
"91";"Verduras, hortaliças e derivados";"Batata, inglesa, cozida";"86,4";"52";"216";"1,2";"0,00001";"";"11,9";"1,3";"0,5";"4";"5";"0,07";"24";"0,2";"2";"161";"0,06";"0,2";"";"";"";"0,05";"0,00001";"0,08";"0,00001";"3,8";"";"";"";"";"";"";"";"";"";"";"";"";"";"";"";"";"";"";"";"";"";"";"";"";"";"";"";"";"";"";"";"";"";"";"";"";"";"";"";""
"92";"Verduras, hortaliças e derivados";"Batata, inglesa, crua";"82,9";"64";"269";"1,8";"0,00001";"";"14,7";"1,2";"0,6";"4";"15";"0,1";"39";"0,4";"0,00001";"302";"0,09";"0,2";"";"";"";"0,1";"0,00001";"0,15";"0,00001";"31,1";"";"";"";"";"";"";"";"";"";"";"";"";"";"";"";"";"";"";"";"";"";"";"";"";"";"";"";"";"";"";"";"";"";"";"";"";"";"";"";""
"93";"Verduras, hortaliças e derivados";"Batata, inglesa, frita";"44,1";"267";"1118";"5";"13,1";"";"35,6";"8,1";"2,2";"6";"14";"0,15";"70";"0,4";"2";"489";"0,1";"0,4";"";"";"";"0,17";"0,00001";"0,1";"2,51";"16,3";"2,1";"3,4";"6,6";"";"0,01";"1,41";"0,52";"0,05";"0,06";"0,01";"";"0,01";"3,31";"0,06";"6,29";"0,3";"";"";"";"";"";"0,07";"";"";"";"";"";"";"";"";"";"";"";"";"";"";"";"";"";""
"94";"Verduras, hortaliças e derivados";"Batata, inglesa, sauté";"83,1";"68";"284";"1,3";"0,9";"";"14,1";"1,4";"0,6";"4";"6";"0,08";"32";"0,3";"8";"199";"0,05";"0,2";"";"";"";"0,07";"0,00001";"0,09";"1,38";"0,00001";"0,3";"0,2";"0,4";"0,02";"0,01";"0,19";"0,07";"0,00001";"0,00001";"";"";"";"0,2";"";"0,33";"0,03";"";"";"";"";"";"";"";"";"";"";"";"";"";"";"";"";"";"";"";"";"";"";"";""
"95";"Verduras, hortaliças e derivados";"Berinjela, cozida";"94,4";"19";"79";"0,7";"0,1";"";"4,5";"2,5";"0,3";"11";"9";"0,11";"15";"0,2";"1";"105";"0,04";"0,1";"";"";"";"0,04";"0,00001";"0,00001";"0,00001";"0,00001";"";"";"";"";"";"";"";"";"";"";"";"";"";"";"";"";"";"";"";"";"";"";"";"";"";"";"";"";"";"";"";"";"";"";"";"";"";"";"";""
"96";"Verduras, hortaliças e derivados";"Berinjela, crua";"93,8";"20";"82";"1,2";"0,1";"";"4,4";"2,9";"0,4";"9";"13";"0,1";"20";"0,2";"0,00001";"205";"0,06";"0,1";"";"24";"12";"0,04";"0,05";"0,00001";"0,00001";"3";"";"";"";"";"";"";"";"";"";"";"";"";"";"";"";"";"";"";"";"";"";"";"";"";"";"";"";"";"";"";"";"";"";"";"";"";"";"";"";""
"97";"Verduras, hortaliças e derivados";"Beterraba, cozida";"90,6";"32";"135";"1,3";"0,1";"";"7,2";"1,9";"0,8";"15";"17";"0,19";"30";"0,2";"23";"245";"0,04";"0,4";"";"";"";"0,09";"0,00001";"0,00001";"0,00001";"1,2";"";"";"";"";"";"";"";"";"";"";"";"";"";"";"";"";"";"";"";"";"";"";"";"";"";"";"";"";"";"";"";"";"";"";"";"";"";"";"";""
"98";"Verduras, hortaliças e derivados";"Beterraba, crua";"86";"49";"204";"1,9";"0,1";"";"11,1";"3,4";"0,9";"18";"24";"1,23";"19";"0,3";"10";"375";"0,08";"0,5";"";"";"";"0,04";"0,00001";"0,04";"0,00001";"3,1";"";"";"";"";"";"";"";"";"";"";"";"";"";"";"";"";"";"";"";"";"";"";"";"";"";"";"";"";"";"";"";"";"";"";"";"";"";"";"";""
"99";"Verduras, hortaliças e derivados";"Biscoito, polvilho doce";"5,4";"438";"1831";"1,3";"12,2";"9";"80,5";"1,2";"0,5";"30";"6";"0,08";"23";"1,8";"98";"54";"0,04";"0,1";"0,00001";"";"";"0,00001";"0,03";"0,07";"0,00001";"0,00001";"2,4";"4,3";"0,6";"";"0,03";"1,48";"0,8";"0,05";"0,05";"0,02";"";"";"4,25";"0,01";"0,56";"";"";"";"";"";"4,05";"0,4";"";"";"";"";"";"";"";"";"";"";"";"";"";"";"";"";"";""
"100";"Verduras, hortaliças e derivados";"Brócolis, cozido";"92,6";"25";"103";"2,1";"0,5";"";"4,4";"3,4";"0,4";"51";"15";"0,12";"33";"0,5";"2";"119";"0,08";"0,2";"";"";"";"0,04";"0,03";"0,00001";"0,00001";"42";"0,1";"0,00001";"0,2";"";"0,00001";"0,08";"0,01";"0,00001";"0,00001";"0,00001";"0,00001";"0,01";"0,02";"";"0,06";"0,1";"";"";"";"";"";"0,00001";"";"";"";"";"";"";"";"";"";"";"";"";"";"";"";"";"";""
"101";"Verduras, hortaliças e derivados";"Brócolis, cru";"91,2";"25";"107";"3,6";"0,3";"";"4";"2,9";"0,8";"86";"30";"0,26";"78";"0,6";"3";"322";"0,06";"0,5";"";"279";"140";"0,12";"0,18";"0,08";"1,39";"34,3";"0,1";"0,1";"0,2";"";"";"0,12";"0,02";"0,00001";"";"0,00001";"";"0,02";"0,04";"";"0,07";"0,12";"";"";"";"";"";"";"";"";"";"";"";"";"";"";"";"";"";"";"";"";"";"";"";""
"102";"Verduras, hortaliças e derivados";"Cará, cozido";"78,9";"78";"325";"1,5";"0,1";"";"18,9";"2,6";"0,6";"5";"15";"0,02";"28";"0,3";"1";"203";"0,11";"0,2";"";"";"";"0,12";"0,00001";"0,12";"0,00001";"0,00001";"";"";"";"";"";"";"";"";"";"";"";"";"";"";"";"";"";"";"";"";"";"";"";"";"";"";"";"";"";"";"";"";"";"";"";"";"";"";"";""
"103";"Verduras, hortaliças e derivados";"Cará, cru";"73,7";"96";"400";"2,3";"0,1";"";"23";"7,3";"0,9";"4";"11";"0,01";"35";"0,2";"0,00001";"212";"0,06";"0,2";"";"";"";"0,11";"0,00001";"0,02";"0,00001";"8,8";"";"";"";"";"";"";"";"";"";"";"";"";"";"";"";"";"";"";"";"";"";"";"";"";"";"";"";"";"";"";"";"";"";"";"";"";"";"";"";""
"104";"Verduras, hortaliças e derivados";"Caruru, cru";"87,6";"34";"142";"3,2";"0,6";"";"6";"4,5";"2,6";"455";"197";"0,89";"77";"4,5";"14";"279";"0,37";"6";"";"1906";"953";"0,00001";"0,1";"0,11";"0,00001";"5,4";"0,1";"0,00001";"0,3";"0,00001";"0,00001";"0,13";"0,01";"";"0,00001";"0,00001";"";"0,02";"0,03";"";"0,09";"0,17";"";"";"";"";"";"";"";"";"";"";"";"";"";"";"";"";"";"";"";"";"";"";"";""
"105";"Verduras, hortaliças e derivados";"Catalonha, crua";"91,8";"24";"100";"1,9";"0,3";"";"4,8";"2";"1,3";"57";"17";"0,34";"32";"3,1";"9";"412";"0,27";"0,5";"";"";"";"0,00001";"0,03";"0,36";"1,54";"7,3";"0,1";"0,00001";"0,1";"0,00001";"";"0,06";"0,00001";"0,00001";"0,00001";"0,00001";"";"0,00001";"0,00001";"";"0,04";"0,1";"";"";"";"";"";"";"";"";"";"";"";"";"";"";"";"";"";"";"";"";"";"";"";""
"106";"Verduras, hortaliças e derivados";"Catalonha, refogada";"87,4";"63";"265";"2";"4,8";"";"4,8";"3,7";"1";"63";"16";"0,64";"35";"1,2";"25";"452";"0,18";"0,4";"";"850";"425";"0,04";"0,00001";"0,03";"0,6";"0,00001";"0,7";"1,1";"3";"";"";"0,51";"0,15";"0,02";"0,02";"0,01";"";"0,01";"1,04";"0,02";"2,48";"0,48";"";"";"";"";"";"0,01";"";"";"";"";"";"";"";"";"";"";"";"";"";"";"";"";"";""
"107";"Verduras, hortaliças e derivados";"Cebola, crua";"88,9";"39";"165";"1,7";"0,1";"";"8,9";"2,2";"0,4";"14";"12";"0,13";"38";"0,2";"1";"176";"0,05";"0,2";"";"";"";"0,04";"0,00001";"0,14";"0,00001";"4,7";"";"";"";"";"";"";"";"";"";"";"";"";"";"";"";"";"";"";"";"";"";"";"";"";"";"";"";"";"";"";"";"";"";"";"";"";"";"";"";""
"108";"Verduras, hortaliças e derivados";"Cebolinha, crua";"93,9";"20";"82";"1,9";"0,4";"";"3,4";"3,6";"0,5";"80";"25";"0,13";"27";"0,6";"2";"206";"0,04";"0,3";"";"134";"67";"0,03";"0,04";"0,08";"0,00001";"31,8";"";"";"";"";"";"";"";"";"";"";"";"";"";"";"";"";"";"";"";"";"";"";"";"";"";"";"";"";"";"";"";"";"";"";"";"";"";"";"";""
"109";"Verduras, hortaliças e derivados";"Cenoura, cozida";"91,7";"30";"125";"0,8";"0,2";"";"6,7";"2,6";"0,6";"26";"14";"0,05";"27";"0,1";"8";"176";"0,02";"0,2";"";"612";"306";"0,07";"0,00001";"0,06";"2,68";"0,00001";"0,00001";"0,00001";"0,1";"";"";"0,03";"0,00001";"";"";"";"";"";"0,00001";"";"0,12";"0,00001";"";"";"";"";"";"";"";"";"";"";"";"";"";"";"";"";"";"";"";"";"";"";"";""
"110";"Verduras, hortaliças e derivados";"Cenoura, crua";"90,1";"34";"143";"1,3";"0,2";"";"7,7";"3,2";"0,9";"23";"11";"0,05";"28";"0,2";"3";"315";"0,05";"0,2";"";"1326";"663";"0,00001";"0,00001";"0,05";"0,00001";"5,1";"";"";"";"";"";"";"";"";"";"";"";"";"";"";"";"";"";"";"";"";"";"";"";"";"";"";"";"";"";"";"";"";"";"";"";"";"";"";"";""
"111";"Verduras, hortaliças e derivados";"Chicória, crua";"95,1";"14";"58";"1,1";"0,1";"";"2,9";"2,2";"0,8";"45";"14";"0,13";"13";"0,5";"14";"425";"0,04";"0,1";"";"";"";"0,03";"0,1";"0,00001";"0,68";"6,5";"";"";"";"";"";"";"";"";"";"";"";"";"";"";"";"";"";"";"";"";"";"";"";"";"";"";"";"";"";"";"";"";"";"";"";"";"";"";"";""
"112";"Verduras, hortaliças e derivados";"Chuchu, cozido";"94,6";"19";"78";"0,4";"0,00001";"";"4,8";"1";"0,2";"8";"7";"0,07";"13";"0,1";"2";"54";"0,00001";"0,1";"";"";"";"0,03";"0,00001";"0,00001";"0,00001";"5,6";"";"";"";"";"";"";"";"";"";"";"";"";"";"";"";"";"";"";"";"";"";"";"";"";"";"";"";"";"";"";"";"";"";"";"";"";"";"";"";""
"113";"Verduras, hortaliças e derivados";"Chuchu, cru";"94,8";"17";"71";"0,7";"0,1";"";"4,1";"1,3";"0,3";"12";"7";"0,08";"18";"0,2";"0,00001";"126";"0,03";"0,1";"";"";"";"0,00001";"0,00001";"0,00001";"0,00001";"10,6";"";"";"";"";"";"";"";"";"";"";"";"";"";"";"";"";"";"";"";"";"";"";"";"";"";"";"";"";"";"";"";"";"";"";"";"";"";"";"";""
"114";"Verduras, hortaliças e derivados";"Coentro, folhas desidratadas";"10,6";"309";"1293";"20,9";"10,4";"";"48";"37,3";"10,2";"784";"393";"10,48";"388";"81,4";"18";"3223";"4,09";"4,7";"";"";"";"0,1";"0,11";"0,09";"0,00001";"40,8";"";"";"";"";"";"";"";"";"";"";"";"";"";"";"";"";"";"";"";"";"";"";"";"";"";"";"";"";"";"";"";"";"";"";"";"";"";"";"";""
"115";"Verduras, hortaliças e derivados";"Couve, manteiga, crua";"90,9";"27";"113";"2,9";"0,5";"";"4,3";"3,1";"1,3";"131";"35";"1,02";"49";"0,5";"6";"403";"0,06";"0,4";"";"496";"248";"0,2";"0,31";"0,06";"2,29";"96,7";"0,1";"0,00001";"0,1";"";"";"0,1";"0,02";"";"";"";"";"0,02";"0,02";"";"0,05";"0,08";"";"";"";"";"";"";"";"";"";"";"";"";"";"";"";"";"";"";"";"";"";"";"";""
"116";"Verduras, hortaliças e derivados";"Couve, manteiga, refogada";"81,5";"90";"378";"1,7";"6,6";"";"8,7";"5,7";"1,5";"177";"26";"0,12";"33";"0,5";"11";"315";"0,02";"0,2";"";"384";"192";"0,00001";"0,05";"0,07";"0,00001";"76,9";"1";"1,6";"3,6";"";"";"0,7";"0,25";"0,03";"0,03";"0,01";"";"";"1,52";"0,04";"3,16";"0,38";"";"";"";"";"";"";"";"";"";"";"";"";"";"";"";"";"";"";"";"";"";"";"";""
"117";"Verduras, hortaliças e derivados";"Couve-flor, crua";"92,8";"23";"94";"1,9";"0,2";"";"4,5";"2,4";"0,6";"18";"12";"0,16";"57";"0,5";"3";"256";"0,03";"0,3";"";"2";"1";"0,03";"0,09";"0,1";"0,00001";"36,1";"";"";"";"";"";"";"";"";"";"";"";"";"";"";"";"";"";"";"";"";"";"";"";"";"";"";"";"";"";"";"";"";"";"";"";"";"";"";"";""
"118";"Verduras, hortaliças e derivados";"Couve-flor, cozida";"94,3";"19";"80";"1,2";"0,3";"";"3,9";"2,1";"0,3";"16";"5";"0,1";"25";"0,1";"2";"80";"0,00001";"0,3";"";"";"";"0,04";"0,00001";"0,00001";"0,00001";"23,7";"0,1";"0,00001";"0,1";"";"";"0,06";"0,00001";"0,00001";"";"";"";"0,00001";"0,02";"";"0,06";"0,06";"";"";"";"";"";"";"";"";"";"";"";"";"";"";"";"";"";"";"";"";"";"";"";""
"119";"Verduras, hortaliças e derivados";"Espinafre, Nova Zelândia, cru";"94";"16";"67";"2";"0,2";"";"2,6";"2,1";"1,2";"98";"82";"0,71";"25";"0,4";"17";"336";"0,06";"0,3";"";"484";"242";"0,1";"0,21";"0,06";"0,00001";"2,4";"";"";"";"";"";"";"";"";"";"";"";"";"";"";"";"";"";"";"";"";"";"";"";"";"";"";"";"";"";"";"";"";"";"";"";"";"";"";"";""
"120";"Verduras, hortaliças e derivados";"Espinafre, Nova Zelândia, refogado";"86,6";"67";"281";"2,7";"5,4";"";"4,2";"2,5";"1";"112";"123";"0,61";"34";"0,6";"47";"149";"0,04";"0,6";"";"624";"312";"0,08";"0,13";"0,13";"0,00001";"5,3";"0,9";"1,3";"2,9";"";"";"0,6";"0,22";"0,02";"0,03";"0,02";"";"0,00001";"1,27";"0,04";"2,55";"0,38";"";"";"";"";"";"0,04";"";"";"";"";"";"";"";"";"";"";"";"";"";"";"";"";"";""
"121";"Verduras, hortaliças e derivados";"Farinha, de mandioca, crua";"9,4";"361";"1510";"1,6";"0,3";"";"87,9";"6,4";"0,9";"65";"37";"0,00001";"42";"1,1";"1";"340";"0,08";"0,4";"";"";"";"0,14";"0,00001";"0,04";"0,00001";"0,00001";"0,1";"0,1";"0,00001";"0,00001";"0,00001";"0,08";"0,02";"0,00001";"0,00001";"0,00001";"0,00001";"0,00001";"0,08";"0,00001";"0,03";"0,01";"";"";"";"";"0,00001";"0,1";"";"";"";"";"";"";"";"";"";"";"";"";"";"";"";"";"";""
"122";"Verduras, hortaliças e derivados";"Farinha, de mandioca, torrada";"8,3";"365";"1528";"1,2";"0,3";"";"89,2";"6,5";"1";"76";"40";"0,37";"39";"1,2";"10";"328";"0,00001";"0,4";"";"";"";"0,00001";"0,00001";"0,81";"0,00001";"0,00001";"0,1";"0,1";"0,00001";"0,00001";"0,03";"0,09";"0,01";"";"";"";"";"";"0,08";"";"0,03";"0,01";"";"";"";"";"";"";"";"";"";"";"";"";"";"";"";"";"";"";"";"";"";"";"";""
"123";"Verduras, hortaliças e derivados";"Farinha, de puba";"9,8";"360";"1507";"1,6";"0,5";"";"87,3";"4,2";"0,8";"41";"27";"0,16";"33";"1,4";"4";"338";"0,07";"0,3";"";"";"";"0,09";"0,00001";"0,00001";"0,00001";"0,00001";"0,2";"0,2";"0,00001";"";"";"0,2";"0,02";"";"";"";"";"";"0,19";"";"0,04";"";"";"";"";"";"";"";"0";"0,01";"0,03";"0,04";"0,02";"0";"0,02";"0,02";"0";"0,02";"0,02";"0,04";"0,04";"0,09";"0,32";"0,01";"0,06";"0,01"
"124";"Verduras, hortaliças e derivados";"Fécula, de mandioca";"17,8";"331";"1384";"0,5";"0,3";"";"81,1";"0,6";"0,3";"12";"3";"0,00001";"60";"0,1";"2";"48";"0,00001";"0,00001";"";"";"";"0,03";"0,00001";"0,00001";"0,00001";"0,00001";"";"";"";"";"";"";"";"";"";"";"";"";"";"";"";"";"";"";"";"";"";"";"";"";"";"";"";"";"";"";"";"";"";"";"";"";"";"";"";""
"125";"Verduras, hortaliças e derivados";"Feijão, broto, cru";"87,5";"39";"162";"4,2";"0,1";"";"7,8";"2";"0,5";"14";"25";"0,19";"75";"0,8";"2";"189";"0,17";"0,6";"";"";"";"0,00001";"0,04";"0,15";"0,00001";"12";"";"";"";"";"";"";"";"";"";"";"";"";"";"";"";"";"";"";"";"";"";"";"";"";"";"";"";"";"";"";"";"";"";"";"";"";"";"";"";""
"126";"Verduras, hortaliças e derivados";"Inhame, cru";"73,3";"97";"405";"2,1";"0,2";"";"23,2";"1,7";"1,2";"12";"29";"0,15";"65";"0,4";"0,00001";"568";"0,17";"0,3";"";"";"";"0,08";"0,00001";"0,11";"0,00001";"5,6";"0,1";"0,00001";"0,1";"";"";"0,08";"0,00001";"0,00001";"0,00001";"0,00001";"";"";"0,04";"";"0,08";"0,00001";"";"";"";"";"";"";"";"";"";"";"";"";"";"";"";"";"";"";"";"";"";"";"";""
"127";"Verduras, hortaliças e derivados";"Jiló, cru";"91,6";"27";"114";"1,4";"0,2";"";"6,2";"4,8";"0,6";"20";"21";"0,14";"29";"0,3";"0,00001";"213";"0,07";"0,1";"";"13";"6";"0,07";"0,04";"0,00001";"0,00001";"6,8";"0,1";"0,1";"0,2";"";"";"0,05";"0,02";"0,00001";"0,00001";"0,00001";"";"0,00001";"0,05";"";"0,2";"0,00001";"";"";"";"";"";"";"";"";"";"";"";"";"";"";"";"";"";"";"";"";"";"";"";""
"128";"Verduras, hortaliças e derivados";"Jurubeba, crua";"66,6";"126";"526";"4,4";"3,9";"";"23,1";"23,9";"2";"151";"65";"0,52";"155";"0,9";"1";"619";"1,16";"0,6";"";"";"";"0,13";"0,02";"0,2";"0,00001";"13,8";"0,5";"0,5";"2,1";"";"";"0,29";"0,13";"0,01";"0,01";"0,01";"";"0,03";"0,48";"0,00001";"2,09";"0,03";"";"";"";"";"";"";"";"";"";"";"";"";"";"";"";"";"";"";"";"";"";"";"";""
"129";"Verduras, hortaliças e derivados";"Mandioca, cozida";"68,7";"125";"524";"0,6";"0,3";"";"30,1";"1,6";"0,4";"19";"27";"0,06";"22";"0,1";"1";"100";"0,01";"0,2";"";"";"";"0,06";"0,00001";"0,03";"0,00001";"11,1";"0,1";"0,1";"0,1";"";"";"0,07";"0,00001";"";"";"";"";"";"0,1";"";"0,05";"0,01";"";"";"";"";"";"";"";"";"";"";"";"";"";"";"";"";"";"";"";"";"";"";"";""
"130";"Verduras, hortaliças e derivados";"Mandioca, crua";"61,8";"151";"634";"1,1";"0,3";"";"36,2";"1,9";"0,6";"15";"44";"0,05";"29";"0,3";"2";"208";"0,07";"0,2";"";"";"";"0,00001";"0,00001";"0,04";"0,00001";"16,5";"0,1";"0,1";"0,00001";"";"";"0,06";"0,00001";"0,00001";"0,00001";"0,00001";"";"0,00001";"0,12";"0,00001";"0,04";"0,00001";"";"";"";"";"0,00001";"";"";"";"";"";"";"";"";"";"";"";"";"";"";"";"";"";"";""
"131";"Verduras, hortaliças e derivados";"Mandioca, farofa, temperada";"6,4";"406";"1697";"2,1";"9,1";"";"80,3";"7,8";"2,1";"66";"34";"0,29";"45";"1,4";"575";"201";"0,00001";"0,2";"";"";"";"0,1";"0,00001";"0,15";"0,00001";"0,00001";"1,9";"2,4";"2,5";"0,00001";"0,03";"1,26";"0,54";"0,03";"0,02";"0,01";"";"0,04";"2,38";"0,02";"2,29";"0,19";"";"";"";"";"0,49";"0,14";"";"";"";"";"";"";"";"";"";"";"";"";"";"";"";"";"";""
"132";"Verduras, hortaliças e derivados";"Mandioca, frita";"36,6";"300";"1255";"1,4";"11,2";"";"50,3";"1,9";"0,6";"23";"95";"0,18";"57";"0,3";"9";"176";"0,12";"0,4";"";"";"";"0,05";"0,00001";"0,04";"0,00001";"0,00001";"1,7";"2,8";"6,2";"";"";"1,2";"0,38";"0,03";"0,05";"0,02";"";"";"2,73";"0,05";"5,58";"0,57";"";"";"";"";"";"0,04";"";"";"";"";"";"";"";"";"";"";"";"";"";"";"";"";"";""
"133";"Verduras, hortaliças e derivados";"Manjericão, cru";"93";"21";"88";"2";"0,4";"";"3,6";"3,3";"1";"211";"58";"0,17";"40";"1";"4";"252";"0,16";"0,5";"";"1035";"517";"0,06";"0,21";"0,06";"0,9";"2,3";"0,1";"0,00001";"0,3";"";"";"0,11";"0,02";"0,00001";"";"";"";"0,02";"0,01";"";"0,05";"0,21";"";"";"";"";"";"";"";"";"";"";"";"";"";"";"";"";"";"";"";"";"";"";"";""
"134";"Verduras, hortaliças e derivados";"Maxixe, cru";"95,1";"14";"58";"1,4";"0,1";"";"2,7";"2,2";"0,7";"21";"10";"0,07";"25";"0,4";"11";"328";"0,02";"0,2";"";"6";"3";"0,06";"0,02";"0,04";"0,00001";"9,6";"";"";"";"";"";"";"";"";"";"";"";"";"";"";"";"";"";"";"";"";"";"";"";"";"";"";"";"";"";"";"";"";"";"";"";"";"";"";"";""
"135";"Verduras, hortaliças e derivados";"Mostarda, folha, crua";"93,4";"18";"76";"2,1";"0,2";"";"3,2";"1,9";"1,1";"68";"16";"0,14";"58";"1,1";"3";"364";"0,05";"0,3";"";"";"";"0,05";"0,04";"0,05";"0,00001";"38,6";"";"";"";"";"";"";"";"";"";"";"";"";"";"";"";"";"";"";"";"";"";"";"";"";"";"";"";"";"";"";"";"";"";"";"";"";"";"";"";""
"136";"Verduras, hortaliças e derivados";"Nhoque, batata, cozido";"55";"181";"756";"5,9";"1,9";"15";"36,8";"1,8";"0,5";"11";"18";"0,3";"68";"1,6";"7";"164";"0,1";"0,5";"15";"";"";"0,08";"0,00001";"0,04";"0,00001";"0,00001";"0,6";"0,5";"0,8";"0,02";"0,01";"0,4";"0,15";"0,00001";"0,00001";"0,00001";"";"0,01";"0,47";"0,00001";"0,72";"0,05";"0,00001";"";"";"";"";"";"";"";"";"";"";"";"";"";"";"";"";"";"";"";"";"";"";""
"137";"Verduras, hortaliças e derivados";"Nabo, cru";"93,8";"18";"76";"1,2";"0,1";"";"4,1";"2,6";"0,8";"42";"15";"4,42";"17";"0,2";"2";"280";"0,02";"0,2";"";"";"";"0,07";"0,00001";"0,03";"0,00001";"9,6";"";"";"";"";"";"";"";"";"";"";"";"";"";"";"";"";"";"";"";"";"";"";"";"";"";"";"";"";"";"";"";"";"";"";"";"";"";"";"";""
"138";"Verduras, hortaliças e derivados";"Palmito, juçara, em conserva";"91,4";"23";"97";"1,8";"0,4";"";"4,3";"3,2";"2,1";"58";"34";"10,82";"40";"0,3";"514";"244";"0,23";"0,7";"";"";"";"0,06";"0,04";"0,00001";"0,00001";"2";"0,1";"0,00001";"0,1";"0,00001";"0,00001";"0,07";"0,00001";"0,00001";"0,00001";"0,01";"";"";"0,03";"";"0,09";"0,01";"";"";"";"";"";"0,00001";"";"";"";"";"";"";"";"";"";"";"";"";"";"";"";"";"";""
"139";"Verduras, hortaliças e derivados";"Palmito, pupunha, em conserva";"89,4";"29";"123";"2,5";"0,5";"";"5,5";"2,6";"2,1";"32";"25";"0,14";"55";"0,2";"563";"206";"0,08";"0,4";"";"";"";"0,03";"0,00001";"0,00001";"0,00001";"8,7";"";"";"";"";"";"";"";"";"";"";"";"";"";"";"";"";"";"";"";"";"";"";"";"";"";"";"";"";"";"";"";"";"";"";"";"";"";"";"";""
"140";"Verduras, hortaliças e derivados";"Pão, de queijo, assado";"33,7";"363";"1519";"5,1";"24,6";"68";"34,2";"0,6";"2,3";"102";"8";"0,03";"94";"0,3";"773";"93";"0,01";"0,6";"61";"";"";"0,04";"0,1";"0,04";"0,00001";"";"";"";"";"";"";"";"";"";"";"";"";"";"";"";"";"";"";"";"";"";"";"";"";"";"";"";"";"";"";"";"";"";"";"";"";"";"";"";"";""
"141";"Verduras, hortaliças e derivados";"Pão, de queijo, cru";"41,8";"295";"1232";"3,6";"14";"63";"38,5";"1";"2";"88";"7";"0,00001";"79";"0,3";"405";"58";"0,00001";"0,4";"48";"";"";"0,00001";"0,08";"0,00001";"0,00001";"";"3,4";"3";"4,1";"0,08";"0,29";"2";"0,74";"0,03";"0,03";"";"0,03";"0,08";"2,92";"";"3,67";"0,36";"";"";"";"";"0,63";"0,12";"";"";"";"";"";"";"";"";"";"";"";"";"";"";"";"";"";""
"142";"Verduras, hortaliças e derivados";"Pepino, cru";"96,8";"10";"40";"0,9";"0,00001";"";"2";"1,1";"0,3";"10";"9";"0,08";"12";"0,1";"0,00001";"154";"0,04";"0,1";"";"4";"2";"0,00001";"0,03";"0,00001";"0,00001";"5";"";"";"";"";"";"";"";"";"";"";"";"";"";"";"";"";"";"";"";"";"";"";"";"";"";"";"";"";"";"";"";"";"";"";"";"";"";"";"";""
"143";"Verduras, hortaliças e derivados";"Pimentão, amarelo, cru";"91,9";"28";"117";"1,2";"0,4";"";"6";"1,9";"0,5";"10";"11";"0,08";"22";"0,4";"0,00001";"221";"0,04";"0,2";"";"40";"20";"0,04";"0,03";"0,06";"0,00001";"201,4";"";"";"";"";"";"";"";"";"";"";"";"";"";"";"";"";"";"";"";"";"";"";"";"";"";"";"";"";"";"";"";"";"";"";"";"";"";"";"";""
"144";"Verduras, hortaliças e derivados";"Pimentão, verde, cru";"93,5";"21";"89";"1,1";"0,2";"";"4,9";"2,6";"0,4";"9";"8";"0,14";"17";"0,4";"0,00001";"174";"0,07";"0,1";"";"46";"23";"0,00001";"0,00001";"0,00001";"0,00001";"100,2";"";"";"";"";"";"";"";"";"";"";"";"";"";"";"";"";"";"";"";"";"";"";"";"";"";"";"";"";"";"";"";"";"";"";"";"";"";"";"";""
"145";"Verduras, hortaliças e derivados";"Pimentão, vermelho, cru";"92,9";"23";"97";"1";"0,1";"";"5,5";"1,6";"0,4";"6";"11";"0,06";"20";"0,3";"0,00001";"211";"0,04";"0,2";"";"86";"43";"0,05";"0,06";"0,02";"0,00001";"158,2";"";"";"";"";"";"";"";"";"";"";"";"";"";"";"";"";"";"";"";"";"";"";"";"";"";"";"";"";"";"";"";"";"";"";"";"";"";"";"";""
"146";"Verduras, hortaliças e derivados";"Polvilho, doce";"12,6";"351";"1470";"0,4";"0,00001";"";"86,8";"0,2";"0,2";"27";"4";"0,09";"8";"0,5";"2";"38";"0,00001";"0,00001";"";"";"";"0,00001";"0,00001";"0,00001";"0,00001";"0,00001";"";"";"";"";"";"";"";"";"";"";"";"";"";"";"";"";"";"";"";"";"";"";"";"";"";"";"";"";"";"";"";"";"";"";"";"";"";"";"";""
"147";"Verduras, hortaliças e derivados";"Quiabo, cru";"90,6";"30";"125";"1,9";"0,3";"";"6,4";"4,6";"0,8";"112";"50";"0,46";"56";"0,4";"1";"249";"0,17";"0,6";"";"49";"25";"0,1";"0,00001";"0,03";"0,00001";"5,6";"";"";"";"";"";"";"";"";"";"";"";"";"";"";"";"";"";"";"";"";"";"";"0,01";"0,05";"0,04";"0,08";"0,07";"0,01";"0";"0,05";"0,03";"0,06";"0,11";"0,02";"0,07";"0,27";"0,33";"0,05";"0,04";"0,06"
"148";"Verduras, hortaliças e derivados";"Rabanete, cru";"95,1";"14";"57";"1,4";"0,1";"";"2,7";"2,2";"0,7";"21";"10";"0,07";"25";"0,4";"11";"328";"0,02";"0,2";"";"";"";"0,06";"0,02";"0,04";"0,00001";"9,6";"";"";"";"";"";"";"";"";"";"";"";"";"";"";"";"";"";"";"";"";"";"";"";"";"";"";"";"";"";"";"";"";"";"";"";"";"";"";"";""
"149";"Verduras, hortaliças e derivados";"Repolho, branco, cru";"94,7";"17";"72";"0,9";"0,1";"";"3,9";"1,9";"0,4";"35";"9";"0,13";"14";"0,2";"4";"150";"0,02";"0,2";"";"6";"3";"0,00001";"0,03";"0,06";"0,00001";"18,7";"";"";"";"";"";"";"";"";"";"";"";"";"";"";"";"";"";"";"";"";"";"";"";"";"";"";"";"";"";"";"";"";"";"";"";"";"";"";"";""
"150";"Verduras, hortaliças e derivados";"Repolho, roxo, cru";"90,1";"31";"129";"1,9";"0,1";"";"7,2";"2";"0,7";"44";"18";"0,25";"58";"0,5";"2";"328";"0,9";"0,3";"";"";"";"0,07";"0,00001";"0,09";"0,00001";"43,2";"";"";"";"";"";"";"";"";"";"";"";"";"";"";"";"";"";"";"";"";"";"";"";"";"";"";"";"";"";"";"";"";"";"";"";"";"";"";"";""
"151";"Verduras, hortaliças e derivados";"Repolho, roxo, refogado";"88,7";"42";"175";"1,8";"1,2";"";"7,6";"1,8";"0,7";"43";"17";"0,26";"59";"0,5";"3";"321";"0,02";"0,3";"";"";"";"0,07";"0,00001";"0,07";"0,63";"40,5";"0,2";"0,3";"0,7";"";"";"0,15";"0,04";"0,00001";"0,00001";"0,00001";"";"";"0,28";"0,00001";"0,61";"0,07";"";"";"";"";"";"0,00001";"0,01";"0,03";"0,06";"0,07";"0,07";"0,01";"0";"0,05";"0,04";"0,07";"0,07";"0,04";"0,1";"0,17";"0,53";"0,06";"0,08";"0,08"
"152";"Verduras, hortaliças e derivados";"Rúcula, crua";"94,8";"13";"55";"1,8";"0,1";"";"2,2";"1,7";"1,1";"117";"18";"0,24";"25";"0,9";"9";"233";"0,04";"0,2";"";"533";"266";"0,04";"0,00001";"0,00001";"0,35";"46,3";"";"";"";"";"";"";"";"";"";"";"";"";"";"";"";"";"";"";"";"";"";"";"";"";"";"";"";"";"";"";"";"";"";"";"";"";"";"";"";""
"153";"Verduras, hortaliças e derivados";"Salsa, crua";"88,7";"33";"140";"3,3";"0,6";"";"5,7";"1,9";"1,8";"179";"21";"1,88";"49";"3,2";"2";"711";"0,2";"1,3";"";"1743";"872";"0,12";"0,15";"0,47";"0,72";"51,7";"0,1";"0,00001";"0,2";"";"";"0,08";"0,00001";"0,00001";"0,00001";"0,00001";"";"0,00001";"0,02";"";"0,11";"0,09";"";"";"0,00001";"";"";"";"";"";"";"";"";"";"";"";"";"";"";"";"";"";"";"";"";""
"154";"Verduras, hortaliças e derivados";"Seleta de legumes, enlatada";"82,1";"57";"237";"3,4";"0,4";"";"12,7";"3,1";"1,4";"16";"16";"0,13";"49";"1,1";"398";"122";"0,08";"0,5";"";"244";"122";"0,03";"0,00001";"0,00001";"3,72";"0,00001";"0,1";"0,2";"0,2";"";"";"0,1";"0,03";"0,00001";"0,00001";"0,00001";"";"";"0,22";"";"0,2";"0,01";"";"";"";"";"0,00001";"0,00001";"";"";"";"";"";"";"";"";"";"";"";"";"";"";"";"";"";""
"155";"Verduras, hortaliças e derivados";"Serralha, crua";"90,2";"30";"127";"2,7";"0,7";"";"4,9";"3,5";"1,4";"126";"30";"0,23";"48";"1,3";"19";"265";"0,2";"1,3";"";"1134";"567";"0,00001";"0,11";"0,08";"0,00001";"1,5";"0,1";"0,1";"0,3";"0,00001";"0,00001";"0,13";"0,02";"0,02";"0,02";"0,00001";"";"";"0,04";"";"0,07";"0,26";"";"";"";"";"";"";"";"";"";"";"";"";"";"";"";"";"";"";"";"";"";"";"";""
"156";"Verduras, hortaliças e derivados";"Taioba, crua";"89,2";"34";"143";"2,9";"0,9";"";"5,4";"4,5";"1,5";"141";"38";"0,66";"53";"1,9";"1";"290";"0,16";"0,6";"";"1160";"580";"0,00001";"0,1";"0,1";"0,00001";"17,9";"0,2";"0,1";"0,4";"0,00001";"0,00001";"0,18";"0,04";"0,02";"0,00001";"0,01";"";"0,02";"0,05";"";"0,12";"0,25";"";"";"";"";"";"";"";"";"";"";"";"";"";"";"";"";"";"";"";"";"";"";"";""
"157";"Verduras, hortaliças e derivados";"Tomate, com semente, cru";"95,1";"15";"64";"1,1";"0,2";"";"3,1";"1,2";"0,5";"7";"11";"0,07";"20";"0,2";"1";"222";"0,04";"0,1";"";"54";"27";"0,12";"0,00001";"0,02";"0,00001";"21,2";"";"";"";"";"";"";"";"";"";"";"";"";"";"";"";"";"";"";"";"";"";"";"";"";"";"";"";"";"";"";"";"";"";"";"";"";"";"";"";""
"158";"Verduras, hortaliças e derivados";"Tomate, extrato";"79,7";"61";"255";"2,4";"0,2";"";"15";"2,8";"2,8";"29";"29";"0,18";"47";"2,1";"498";"680";"0,2";"0,4";"";"166";"83";"0,00001";"0,00001";"0,11";"2,42";"18";"";"";"";"";"";"";"";"";"";"";"";"";"";"";"";"";"";"";"";"";"";"";"";"";"";"";"";"";"";"";"";"";"";"";"";"";"";"";"";""
"159";"Verduras, hortaliças e derivados";"Tomate, molho industrializado";"88,1";"38";"161";"1,4";"0,9";"";"7,7";"3,1";"1,9";"12";"17";"0,08";"27";"1,6";"418";"388";"0,08";"0,1";"";"76";"38";"0,00001";"0,00001";"0,06";"0,00001";"2,7";"0,1";"0,1";"0,2";"0,00001";"0,00001";"0,06";"0,02";"0,00001";"0,00001";"0,00001";"";"0,00001";"0,09";"0,00001";"0,17";"0,02";"";"";"";"";"0,00001";"0,00001";"";"";"";"";"";"";"";"";"";"";"";"";"";"";"";"";"";""
"160";"Verduras, hortaliças e derivados";"Tomate, purê";"90,8";"28";"117";"1,4";"0,00001";"";"6,9";"1";"1";"13";"15";"";"30";"1,3";"104";"308";"0,09";"0,3";"";"90";"45";"0,00001";"0,00001";"0,07";"1,18";"5,4";"";"";"";"";"";"";"";"";"";"";"";"";"";"";"";"";"";"";"";"";"";"";"";"";"";"";"";"";"";"";"";"";"";"";"";"";"";"";"";""
"161";"Verduras, hortaliças e derivados";"Tomate, salada";"93,6";"21";"86";"0,8";"0,00001";"";"5,1";"2,3";"0,4";"7";"10";"0,04";"23";"0,3";"5";"161";"0,07";"0,2";"";"";"";"0,06";"0,04";"0,05";"0,00001";"12,8";"";"";"";"";"";"";"";"";"";"";"";"";"";"";"";"";"";"";"";"";"";"";"";"";"";"";"";"";"";"";"";"";"";"";"";"";"";"";"";""
"162";"Verduras, hortaliças e derivados";"Vagem, crua";"92,2";"25";"104";"1,8";"0,2";"";"5,3";"2,4";"0,5";"41";"18";"0,5";"28";"0,4";"0,00001";"208";"0,06";"0,3";"";"32";"16";"0,00001";"0,08";"0,00001";"0,00001";"1,2";"";"";"";"";"";"";"";"";"";"";"";"";"";"";"";"";"";"";"";"";"";"";"";"";"";"";"";"";"";"";"";"";"";"";"";"";"";"";"";""
"163";"Frutas e derivados";"Abacate, cru";"83,8";"96";"402";"1,2";"8,4";"";"6";"6,3";"0,5";"8";"15";"0,17";"22";"0,2";"0,00001";"206";"0,15";"0,2";"";"";"";"0,00001";"0,04";"0,00001";"0,00001";"8,7";"2,3";"4,3";"1,4";"";"0,01";"2,2";"0,1";"0,02";"";"";"";"0,2";"4,12";"0,02";"1,29";"0,08";"";"";"";"";"";"";"";"";"";"";"";"";"";"";"";"";"";"";"";"";"";"";"";""
"164";"Frutas e derivados";"Abacaxi, cru";"86,3";"48";"202";"0,9";"0,1";"";"12,3";"1";"0,4";"22";"18";"1,62";"13";"0,3";"0,00001";"131";"0,11";"0,1";"";"";"";"0,17";"0,02";"0,00001";"0,00001";"34,6";"";"";"";"";"";"";"";"";"";"";"";"";"";"";"";"";"";"";"";"";"";"";"";"";"";"";"";"";"";"";"";"";"";"";"";"";"";"";"";""
"165";"Frutas e derivados";"Abacaxi, polpa, congelada";"91,3";"31";"128";"0,5";"0,1";"";"7,8";"0,3";"0,3";"14";"10";"1,02";"8";"0,4";"1";"107";"0,04";"0,1";"";"2";"1";"0,05";"0,00001";"0,00001";"0,00001";"1,2";"";"";"";"";"";"";"";"";"";"";"";"";"";"";"";"";"";"";"";"";"";"";"";"";"";"";"";"";"";"";"";"";"";"";"";"";"";"";"";""
"166";"Frutas e derivados";"Abiu, cru";"83,1";"62";"261";"0,8";"0,7";"";"14,9";"1,7";"0,4";"6";"9";"0,08";"20";"0,2";"0,00001";"128";"0,09";"0,1";"";"";"";"0,00001";"0,04";"0,05";"0,00001";"10,3";"0,3";"0,1";"0,1";"";"";"0,3";"0,03";"";"";"";"";"";"0,11";"";"0,1";"0,02";"";"";"";"";"";"";"";"";"";"";"";"";"";"";"";"";"";"";"";"";"";"";"";""
"167";"Frutas e derivados";"Açaí, polpa, com xarope de guaraná e glucose";"73,9";"110";"461";"0,7";"3,7";"";"21,5";"1,7";"0,3";"22";"13";"3,29";"11";"0,3";"15";"75";"0,14";"0,2";"";"";"";"0,00001";"0,00001";"0,07";"0,00001";"10,3";"0,7";"1,9";"0,3";"";"0,00001";"0,58";"0,07";"0,00001";"";"";"";"0,07";"1,88";"0,00001";"0,3";"0,02";"";"";"";"";"";"";"";"";"";"";"";"";"";"";"";"";"";"";"";"";"";"";"";""
"168";"Frutas e derivados";"Açaí, polpa, congelada";"88,7";"58";"243";"0,8";"3,9";"";"6,2";"2,6";"0,3";"35";"17";"6,16";"16";"0,4";"5";"124";"0,18";"0,3";"";"";"";"0,00001";"0,04";"0,07";"0,00001";"0,00001";"0,7";"2";"0,4";"";"0,00001";"0,66";"0,07";"0,00001";"";"";"";"0,08";"1,93";"";"0,35";"0,02";"";"";"";"";"";"";"";"";"";"";"";"";"";"";"";"";"";"";"";"";"";"";"";""
"169";"Frutas e derivados";"Acerola, crua";"90,5";"33";"140";"0,9";"0,2";"";"8";"1,5";"0,4";"13";"13";"0,07";"9";"0,2";"0,00001";"165";"0,07";"0,1";"";"247";"124";"0,00001";"0,04";"0,00001";"1,38";"941,4";"";"";"";"";"";"";"";"";"";"";"";"";"";"";"";"";"";"";"";"";"";"";"";"";"";"";"";"";"";"";"";"";"";"";"";"";"";"";"";""
"170";"Frutas e derivados";"Acerola, polpa, congelada";"93,6";"22";"92";"0,6";"0,00001";"";"5,5";"0,7";"0,3";"8";"9";"0,03";"13";"0,2";"1";"112";"0,04";"0,1";"";"192";"96";"0,00001";"0,1";"0,00001";"0,00001";"623,2";"";"";"";"";"";"";"";"";"";"";"";"";"";"";"";"";"";"";"";"";"";"";"";"";"";"";"";"";"";"";"";"";"";"";"";"";"";"";"";""
"171";"Frutas e derivados";"Ameixa, calda, enlatada";"52,2";"183";"765";"0,4";"0,00001";"";"46,9";"0,5";"0,5";"13";"10";"0,1";"21";"2,2";"3";"221";"0,03";"0,1";"";"";"";"0,00001";"0,23";"0,37";"0,00001";"4,3";"";"";"";"";"";"";"";"";"";"";"";"";"";"";"";"";"";"";"";"";"";"";"";"";"";"";"";"";"";"";"";"";"";"";"";"";"";"";"";""
"172";"Frutas e derivados";"Ameixa, crua";"84,8";"53";"220";"0,8";"0,00001";"";"13,9";"2,4";"0,6";"6";"5";"0,03";"14";"0,1";"0,00001";"134";"0,06";"0,1";"";"27";"14";"0,07";"0,00001";"0,03";"0,00001";"7,6";"";"";"";"";"";"";"";"";"";"";"";"";"";"";"";"";"";"";"";"";"";"";"";"";"";"";"";"";"";"";"";"";"";"";"";"";"";"";"";""
"173";"Frutas e derivados";"Ameixa, em calda, enlatada, drenada";"50,3";"177";"742";"1";"0,3";"";"47,7";"4,5";"0,7";"39";"14";"0,2";"26";"2,7";"3";"263";"0,16";"0,2";"";"";"";"0,00001";"0,22";"0,08";"0,00001";"5,2";"0,1";"0,00001";"0,1";"";"";"0,07";"0,02";"0,01";"";"";"";"";"0,03";"0,01";"0,07";"0,01";"";"";"";"";"";"";"";"";"";"";"";"";"";"";"";"";"";"";"";"";"";"";"";""
"174";"Frutas e derivados";"Atemóia, crua";"72,7";"97";"406";"1";"0,3";"";"25,3";"2,1";"0,7";"23";"25";"0,16";"23";"0,2";"1";"300";"0,17";"0,2";"";"";"";"0,09";"0,07";"0,07";"1,58";"10,1";"0,1";"0,00001";"0,1";"";"";"0,09";"0,03";"0,00001";"0,00001";"0,00001";"";"";"0,01";"";"0,06";"0,04";"";"";"";"";"";"";"";"";"";"";"";"";"";"";"";"";"";"";"";"";"";"";"";""
"175";"Frutas e derivados";"Banana, da terra, crua";"63,9";"128";"536";"1,4";"0,2";"";"33,7";"1,5";"0,8";"4";"24";"0,16";"26";"0,3";"0,00001";"328";"0,05";"0,2";"";"239";"119";"0,03";"0,02";"0,14";"0,00001";"15,7";"";"";"";"";"";"";"";"";"";"";"";"";"";"";"";"";"";"";"";"";"";"";"";"";"";"";"";"";"";"";"";"";"";"";"";"";"";"";"";""
"176";"Frutas e derivados";"Banana, doce em barra";"21,1";"280";"1172";"2,2";"0,1";"";"75,7";"3,8";"1";"12";"49";"0,84";"37";"0,6";"10";"518";"0,16";"0,3";"";"27";"14";"0,03";"0,00001";"0,06";"1,41";"0,00001";"";"";"";"";"";"";"";"";"";"";"";"";"";"";"";"";"";"";"";"";"";"";"0";"0,01";"0,02";"0,04";"0";"0";"0,02";"0,01";"0,01";"0,03";"0,01";"0,03";"0,02";"0,08";"0,09";"0";"0";"0,03"
"177";"Frutas e derivados";"Banana, figo, crua";"70,1";"105";"440";"1,1";"0,1";"";"27,8";"2,8";"0,8";"6";"30";"0,21";"16";"0,2";"0,00001";"387";"0,06";"0,1";"";"";"";"0,09";"0,00001";"0,03";"0,00001";"17,5";"";"";"";"";"";"";"";"";"";"";"";"";"";"";"";"";"";"";"";"";"";"";"";"";"";"";"";"";"";"";"";"";"";"";"";"";"";"";"";""
"178";"Frutas e derivados";"Banana, maçã, crua";"75,2";"87";"363";"1,8";"0,1";"";"22,3";"2,6";"0,6";"3";"24";"0,6";"29";"0,2";"0,00001";"264";"0,11";"0,1";"";"6";"3";"0,00001";"0,00001";"0,14";"0,00001";"10,5";"";"";"";"";"";"";"";"";"";"";"";"";"";"";"";"";"";"";"";"";"";"";"";"";"";"";"";"";"";"";"";"";"";"";"";"";"";"";"";""
"179";"Frutas e derivados";"Banana, nanica, crua";"73,8";"92";"383";"1,4";"0,1";"";"23,8";"1,9";"0,8";"3";"28";"0,14";"27";"0,3";"0,00001";"376";"0,1";"0,2";"";"14";"7";"0,00001";"0,02";"0,14";"0,00001";"5,9";"";"";"";"";"";"";"";"";"";"";"";"";"";"";"";"";"";"";"";"";"";"";"";"";"";"";"";"";"";"";"";"";"";"";"";"";"";"";"";""
"180";"Frutas e derivados";"Banana, ouro, crua";"68,2";"112";"470";"1,5";"0,2";"";"29,3";"2";"0,8";"3";"28";"0,09";"22";"0,3";"0,00001";"355";"0,08";"0,3";"";"50";"25";"0,00001";"0,00001";"0,14";"0,00001";"7,6";"";"";"";"";"";"";"";"";"";"";"";"";"";"";"";"";"";"";"";"";"";"";"";"";"";"";"";"";"";"";"";"";"";"";"";"";"";"";"";""
"181";"Frutas e derivados";"Banana, pacova, crua";"77,7";"78";"326";"1,2";"0,1";"";"20,3";"2";"0,7";"5";"30";"0,41";"20";"0,4";"1";"267";"0,06";"0,1";"";"";"";"0,05";"0,03";"0,17";"0,00001";"0,00001";"";"";"";"";"";"";"";"";"";"";"";"";"";"";"";"";"";"";"";"";"";"";"";"";"";"";"";"";"";"";"";"";"";"";"";"";"";"";"";""
"182";"Frutas e derivados";"Banana, prata, crua";"71,9";"98";"411";"1,3";"0,1";"";"26";"2";"0,8";"8";"26";"0,42";"22";"0,4";"0,00001";"358";"0,05";"0,1";"";"32";"16";"0,00001";"0,02";"0,1";"0,00001";"21,6";"";"";"";"";"";"";"";"";"";"";"";"";"";"";"";"";"";"";"";"";"";"";"";"";"";"";"";"";"";"";"";"";"";"";"";"";"";"";"";""
"183";"Frutas e derivados";"Cacau, cru";"79,2";"74";"311";"1";"0,1";"";"19,4";"2,2";"0,3";"12";"25";"0,04";"9";"0,3";"1";"72";"0,15";"0,6";"";"";"";"0,25";"0,00001";"0,04";"0,00001";"13,6";"";"";"";"";"";"";"";"";"";"";"";"";"";"";"";"";"";"";"";"";"";"";"";"";"";"";"";"";"";"";"";"";"";"";"";"";"";"";"";""
"184";"Frutas e derivados";"Cajá-Manga, cru";"86,9";"46";"191";"1,3";"0,00001";"";"11,4";"2,6";"0,4";"13";"11";"0,05";"24";"0,2";"1";"119";"0,02";"0,2";"";"";"";"0,11";"0,00001";"0,05";"0,00001";"26,7";"";"";"";"";"";"";"";"";"";"";"";"";"";"";"";"";"";"";"";"";"";"";"";"";"";"";"";"";"";"";"";"";"";"";"";"";"";"";"";""
"185";"Frutas e derivados";"Cajá, polpa, congelada";"92,4";"26";"110";"0,6";"0,2";"";"6,4";"1,4";"0,4";"9";"7";"0,07";"26";"0,3";"7";"148";"0,1";"0,1";"";"106";"53";"0,04";"0,00001";"0,00001";"0,00001";"0,00001";"";"";"";"";"";"";"";"";"";"";"";"";"";"";"";"";"";"";"";"";"";"";"0";"0,02";"0,02";"0,04";"0,03";"0,01";"0";"0,02";"0,02";"0,03";"0,03";"0,01";"0,06";"0,07";"0,08";"0,02";"0,02";"0,02"
"186";"Frutas e derivados";"Caju, cru";"88,1";"43";"180";"1";"0,3";"";"10,3";"1,7";"0,3";"1";"10";"0,12";"16";"0,2";"3";"124";"0,07";"0,1";"";"15";"7";"0,00001";"0,00001";"0,00001";"0,00001";"219,3";"";"";"";"";"";"";"";"";"";"";"";"";"";"";"";"";"";"";"";"";"";"";"";"";"";"";"";"";"";"";"";"";"";"";"";"";"";"";"";""
"187";"Frutas e derivados";"Caju, polpa, congelada";"89,8";"37";"153";"0,5";"0,2";"";"9,4";"0,8";"0,2";"1";"7";"0,05";"10";"0,1";"4";"88";"0,07";"0,1";"";"22";"11";"0,00001";"0,02";"0,00001";"2,25";"119,7";"";"";"";"";"";"";"";"";"";"";"";"";"";"";"";"";"";"";"";"";"";"";"";"";"";"";"";"";"";"";"";"";"";"";"";"";"";"";"";""
"188";"Frutas e derivados";"Caju, suco concentrado, envasado";"88,4";"45";"189";"0,4";"0,2";"";"10,7";"0,6";"0,3";"1";"8";"0,06";"11";"0,1";"45";"107";"0,04";"0,1";"";"10";"5";"0,00001";"0,03";"0,00001";"0,00001";"138,7";"";"";"";"";"";"";"";"";"";"";"";"";"";"";"";"";"";"";"";"";"";"";"";"";"";"";"";"";"";"";"";"";"";"";"";"";"";"";"";""
"189";"Frutas e derivados";"Caqui, chocolate, cru";"79,7";"71";"299";"0,4";"0,1";"";"19,3";"6,5";"0,5";"18";"9";"0,39";"18";"0,1";"2";"164";"0,00001";"0,2";"";"";"";"0,00001";"0,00001";"0,03";"0,00001";"29,6";"";"";"";"";"";"";"";"";"";"";"";"";"";"";"";"";"";"";"";"";"";"";"";"";"";"";"";"";"";"";"";"";"";"";"";"";"";"";"";""
"190";"Frutas e derivados";"Carambola, crua";"87,1";"46";"191";"0,9";"0,2";"";"11,5";"2";"0,4";"5";"7";"0,13";"11";"0,2";"4";"133";"0,08";"0,2";"";"";"";"0,12";"0,00001";"0,00001";"0,00001";"60,9";"";"";"";"";"";"";"";"";"";"";"";"";"";"";"";"";"";"";"";"";"";"";"";"";"";"";"";"";"";"";"";"";"";"";"";"";"";"";"";""
"191";"Frutas e derivados";"Ciriguela, crua";"78,7";"76";"316";"1,4";"0,4";"";"18,9";"3,9";"0,7";"27";"18";"0,06";"49";"0,4";"2";"248";"0,12";"0,5";"";"";"";"0,14";"0,00001";"0,00001";"0,00001";"27";"0,2";"0,00001";"0,1";"";"0,01";"0,11";"0,02";"";"0,00001";"0,00001";"";"";"0,02";"";"0,07";"0,03";"";"";"";"";"";"";"";"";"";"";"";"";"";"";"";"";"";"";"";"";"";"";"";""
"192";"Frutas e derivados";"Cupuaçu, cru";"86,2";"49";"207";"1,2";"1";"";"10,4";"3,1";"1,2";"13";"18";"0,07";"21";"0,5";"3";"331";"0,07";"0,3";"";"";"";"0,37";"0,04";"0,07";"4,34";"24,5";"0,4";"0,2";"0,1";"";"0,00001";"0,37";"0,04";"0,00001";"0,00001";"0,00001";"";"0,01";"0,2";"";"0,03";"0,09";"";"";"";"";"";"";"";"";"";"";"";"";"";"";"";"";"";"";"";"";"";"";"";""
"193";"Frutas e derivados";"Cupuaçu, polpa, congelada";"86,6";"49";"204";"0,8";"0,6";"";"11,4";"1,6";"0,6";"5";"14";"0,17";"14";"0,3";"1";"291";"0,14";"0,2";"";"";"";"0,07";"0,07";"0,05";"0,00001";"10,5";"0,3";"0,1";"0,00001";"";"0,00001";"0,26";"0,03";"0,00001";"0,00001";"0,00001";"";"0,00001";"0,13";"0,00001";"0,01";"0,03";"";"";"";"";"0,00001";"";"";"";"";"";"";"";"";"";"";"";"";"";"";"";"";"";"";""
"194";"Frutas e derivados";"Figo, cru";"88,2";"41";"173";"1";"0,2";"";"10,2";"1,8";"0,4";"27";"11";"0,06";"15";"0,2";"0,00001";"174";"0,13";"0,1";"";"";"";"0,05";"0,00001";"0,00001";"0,00001";"0,8";"";"";"";"";"";"";"";"";"";"";"";"";"";"";"";"";"";"";"";"";"";"";"";"";"";"";"";"";"";"";"";"";"";"";"";"";"";"";"";""
"195";"Frutas e derivados";"Figo, enlatado, em calda";"48,8";"184";"771";"0,6";"0,2";"";"50,3";"2";"0,2";"33";"7";"0,16";"6";"0,5";"7";"39";"0,25";"0,1";"";"";"";"0,00001";"0,00001";"0,00001";"0,00001";"5,2";"";"";"";"";"";"";"";"";"";"";"";"";"";"";"";"";"";"";"";"";"";"";"";"";"";"";"";"";"";"";"";"";"";"";"";"";"";"";"";""
"196";"Frutas e derivados";"Fruta-pão, crua";"80,9";"67";"281";"1,1";"0,2";"";"17,2";"5,5";"0,7";"34";"24";"0,04";"27";"0,2";"1";"188";"0,07";"0,1";"";"";"";"0,03";"0,00001";"0,00001";"0,00001";"9,9";"0,1";"0,00001";"0,00001";"";"";"0,08";"0,00001";"0,00001";"0,00001";"0,00001";"";"";"0,02";"";"0,01";"0,02";"";"";"";"";"";"";"";"";"";"";"";"";"";"";"";"";"";"";"";"";"";"";"";""
"197";"Frutas e derivados";"Goiaba, branca, com casca, crua";"85,7";"52";"216";"0,9";"0,5";"";"12,4";"6,3";"0,5";"5";"7";"0,07";"16";"0,2";"0,00001";"220";"0,04";"0,2";"";"";"";"0,00001";"0,00001";"0,03";"0,00001";"99,2";"0,1";"0,00001";"0,2";"";"";"0,04";"0,02";"0,00001";"";"0,00001";"";"";"0,03";"";"0,23";"0,00001";"";"";"";"";"";"";"";"";"";"";"";"";"";"";"";"";"";"";"";"";"";"";"";""
"198";"Frutas e derivados";"Goiaba, doce em pasta";"24,8";"269";"1125";"0,6";"0";"";"74,1";"3,7";"0,5";"10";"6";"0,11";"54";"0,4";"4";"165";"0,06";"0,1";"";"136";"68";"0,07";"0,00001";"0,00001";"0,00001";"23,1";"";"";"";"";"";"";"";"";"";"";"";"";"";"";"";"";"";"";"";"";"";"";"";"";"";"";"";"";"";"";"";"";"";"";"";"";"";"";"";""
"199";"Frutas e derivados";"Goiaba, doce, cascão";"20,3";"286";"1195";"0,4";"0,1";"";"78,7";"4,4";"0,5";"15";"10";"0,16";"28";"0,4";"11";"251";"0,08";"0,1";"";"50";"25";"0,00001";"0,00001";"0,00001";"1,41";"34,3";"";"";"";"";"";"";"";"";"";"";"";"";"";"";"";"";"";"";"";"";"";"";"";"";"";"";"";"";"";"";"";"";"";"";"";"";"";"";"";""
"200";"Frutas e derivados";"Goiaba, vermelha, com casca, crua";"85";"54";"227";"1,1";"0,4";"";"13";"6,2";"0,5";"4";"7";"0,09";"15";"0,2";"0,00001";"198";"0,04";"0,1";"";"38";"19";"0,00001";"0,00001";"0,03";"0,00001";"80,6";"0,1";"0,00001";"0,3";"";"";"0,04";"0,02";"0,00001";"";"0,00001";"";"";"0,04";"";"0,26";"0,00001";"";"";"";"";"";"";"";"";"";"";"";"";"";"";"";"";"";"";"";"";"";"";"";""
"201";"Frutas e derivados";"Graviola, crua";"82,2";"62";"258";"0,8";"0,2";"";"15,8";"1,9";"1";"40";"23";"0,08";"19";"0,2";"4";"250";"0,04";"0,1";"";"";"";"0,17";"0,12";"0,03";"0,00001";"19,1";"0,00001";"0,1";"0,00001";"";"";"0,05";"0,00001";"";"";"";"";"";"0,08";"";"0,01";"0,02";"";"";"";"";"";"";"";"";"";"";"";"";"";"";"";"";"";"";"";"";"";"";"";""
"202";"Frutas e derivados";"Graviola, polpa, congelada";"89,2";"38";"160";"0,6";"0,1";"";"9,8";"1,2";"0,4";"6";"10";"0,06";"17";"0,1";"3";"170";"0,06";"0,1";"";"";"";"0,00001";"0,09";"0,00001";"0,00001";"10,5";"";"";"";"";"";"";"";"";"";"";"";"";"";"";"";"";"";"";"";"";"";"";"";"";"";"";"";"";"";"";"";"";"";"";"";"";"";"";"";""
"203";"Frutas e derivados";"Jabuticaba, crua";"83,6";"58";"243";"0,6";"0,1";"";"15,3";"2,3";"0,4";"8";"18";"0,3";"15";"0,1";"0,00001";"130";"0,07";"0,3";"";"";"";"0,06";"0,00001";"0,00001";"0,00001";"16,2";"";"";"";"";"";"";"";"";"";"";"";"";"";"";"";"";"";"";"";"";"";"";"";"";"";"";"";"";"";"";"";"";"";"";"";"";"";"";"";""
"204";"Frutas e derivados";"Jaca, crua";"75,1";"88";"368";"1,4";"0,3";"";"22,5";"2,4";"0,8";"11";"40";"0,48";"14";"0,4";"2";"234";"0,09";"0,2";"";"";"";"0,1";"0,04";"0,05";"0,00001";"14,8";"0,1";"0,1";"0,00001";"";"";"0,09";"0,00001";"0,00001";"0,00001";"0,00001";"";"0,00001";"0,07";"";"0,00001";"0,02";"";"";"";"";"";"";"";"";"";"";"";"";"";"";"";"";"";"";"";"";"";"";"";""
"205";"Frutas e derivados";"Jambo, cru";"92,1";"27";"113";"0,9";"0,1";"";"6,5";"5,1";"0,5";"14";"14";"0,05";"18";"0,1";"22";"135";"0,02";"0,1";"";"";"";"0,08";"0,00001";"0,00001";"1,18";"3,8";"";"";"";"";"";"";"";"";"";"";"";"";"";"";"";"";"";"";"";"";"";"";"";"";"";"";"";"";"";"";"";"";"";"";"";"";"";"";"";""
"206";"Frutas e derivados";"Jamelão, cru";"87,7";"41";"172";"0,5";"0,1";"";"10,6";"1,8";"1";"3";"2";"0,00001";"4";"0";"1";"394";"0,03";"0";"";"8";"4";"0,17";"0,00001";"0,12";"0,00001";"27,1";"";"";"";"";"";"";"";"";"";"";"";"";"";"";"";"";"";"";"";"";"";"";"";"";"";"";"";"";"";"";"";"";"";"";"";"";"";"";"";""
"207";"Frutas e derivados";"Kiwi, cru";"85,9";"51";"214";"1,3";"0,6";"";"11,5";"2,7";"0,7";"24";"11";"0,05";"33";"0,3";"0,00001";"269";"0,15";"0,1";"";"5";"3";"0,00001";"0,00001";"0,06";"0,00001";"70,8";"0,1";"0,1";"0,3";"";"";"0,04";"0,02";"0,00001";"";"";"";"0,00001";"0,1";"";"0,06";"0,29";"";"";"";"";"";"";"";"";"";"";"";"";"";"";"";"";"";"";"";"";"";"";"";""
"208";"Frutas e derivados";"Laranja, baía, crua";"87,1";"45";"190";"1";"0,1";"";"11,5";"1,1";"0,4";"35";"9";"0,04";"24";"0,1";"0,00001";"174";"0,04";"0,1";"";"4";"2";"0,06";"0,02";"0,00001";"0,00001";"56,9";"";"";"";"";"";"";"";"";"";"";"";"";"";"";"";"";"";"";"";"";"";"";"";"";"";"";"";"";"";"";"";"";"";"";"";"";"";"";"";""
"209";"Frutas e derivados";"Laranja, baía, suco";"90,2";"37";"153";"0,7";"0,00001";"";"8,7";"0,00001";"0,4";"6";"8";"0,02";"22";"0,1";"0,00001";"173";"0,02";"0,00001";"";"4";"2";"0,03";"0,00001";"0,02";"0,00001";"94,5";"";"";"";"";"";"";"";"";"";"";"";"";"";"";"";"";"";"";"";"";"";"";"";"";"";"";"";"";"";"";"";"";"";"";"";"";"";"";"";""
"210";"Frutas e derivados";"Laranja, da terra, crua";"85,4";"51";"215";"1,1";"0,2";"";"12,9";"4";"0,5";"51";"14";"0,04";"20";"0,1";"1";"173";"0,04";"0,2";"";"";"";"0,07";"0,09";"0,03";"0,00001";"34,7";"";"";"";"";"";"";"";"";"";"";"";"";"";"";"";"";"";"";"";"";"";"";"";"";"";"";"";"";"";"";"";"";"";"";"";"";"";"";"";""
"211";"Frutas e derivados";"Laranja, da terra, suco";"89,2";"41";"171";"0,7";"0,1";"";"9,6";"1";"0,4";"13";"10";"0,02";"15";"0,1";"0,00001";"145";"0,02";"0,1";"";"4";"2";"0,04";"0,00001";"0,04";"0,00001";"44,3";"";"";"";"";"";"";"";"";"";"";"";"";"";"";"";"";"";"";"";"";"";"";"";"";"";"";"";"";"";"";"";"";"";"";"";"";"";"";"";""
"212";"Frutas e derivados";"Laranja, lima, crua";"87";"46";"191";"1,1";"0,1";"";"11,5";"1,8";"0,4";"31";"10";"0,05";"15";"0,1";"1";"130";"0,03";"0,1";"";"";"";"0,09";"0,05";"0,04";"0,00001";"43,5";"";"";"";"";"";"";"";"";"";"";"";"";"";"";"";"";"";"";"";"";"";"";"";"";"";"";"";"";"";"";"";"";"";"";"";"";"";"";"";""
"213";"Frutas e derivados";"Laranja, lima, suco";"89,7";"39";"165";"0,7";"0,1";"";"9,2";"0,4";"0,3";"8";"11";"0,02";"16";"0,00001";"0,00001";"129";"0,02";"0";"";"";"";"0,1";"0,03";"0,04";"0,00001";"41,3";"";"";"";"";"";"";"";"";"";"";"";"";"";"";"";"";"";"";"";"";"";"";"";"";"";"";"";"";"";"";"";"";"";"";"";"";"";"";"";""
"214";"Frutas e derivados";"Laranja, pêra, crua";"89,6";"37";"154";"1";"0,1";"";"8,9";"0,8";"0,3";"22";"9";"0,05";"23";"0,1";"0,00001";"163";"0,03";"0,1";"";"1";"0";"0,07";"0,02";"0,02";"0,00001";"53,7";"";"";"";"";"";"";"";"";"";"";"";"";"";"";"";"";"";"";"";"";"";"";"";"";"";"";"";"";"";"";"";"";"";"";"";"";"";"";"";""
"215";"Frutas e derivados";"Laranja, pêra, suco";"91,3";"33";"137";"0,7";"0,1";"";"7,6";"0,00001";"0,3";"7";"8";"0,03";"14";"0,00001";"0,00001";"149";"0,01";"0,00001";"";"1";"1";"0,00001";"0,00001";"0,00001";"0,00001";"73,3";"";"";"";"";"";"";"";"";"";"";"";"";"";"";"";"";"";"";"";"";"";"";"";"";"";"";"";"";"";"";"";"";"";"";"";"";"";"";"";""
"216";"Frutas e derivados";"Laranja, valência, crua";"86,9";"46";"193";"0,8";"0,2";"";"11,7";"1,7";"0,4";"34";"14";"0,06";"20";"0,1";"1";"158";"0,04";"0,1";"";"";"";"0,07";"0,04";"0,03";"0,00001";"47,8";"";"";"";"";"";"";"";"";"";"";"";"";"";"";"";"";"";"";"";"";"";"";"";"";"";"";"";"";"";"";"";"";"";"";"";"";"";"";"";""
"217";"Frutas e derivados";"Laranja, valência, suco";"90,5";"36";"151";"0,5";"0,1";"";"8,6";"0,4";"0,3";"9";"10";"0,03";"17";"0,00001";"0,00001";"143";"0,02";"0,00001";"";"2";"1";"";"";"0,03";"0,00001";"";"";"";"";"";"";"";"";"";"";"";"";"";"";"";"";"";"";"";"";"";"";"";"";"";"";"";"";"";"";"";"";"";"";"";"";"";"";"";"";""
"218";"Frutas e derivados";"Limão, cravo, suco";"94,2";"14";"59";"0,3";"0,00001";"";"5,2";"0,00001";"0,2";"10";"9";"0,03";"11";"0,1";"0,00001";"120";"0,03";"";"";"31";"16";"0,00001";"0,00001";"0,00001";"0,00001";"32,8";"";"";"";"";"";"";"";"";"";"";"";"";"";"";"";"";"";"";"";"";"";"";"";"";"";"";"";"";"";"";"";"";"";"";"";"";"";"";"";""
"219";"Frutas e derivados";"Limão, galego, suco";"91,8";"22";"93";"0,6";"0,1";"";"7,3";"0,00001";"0,3";"5";"6";"0,01";"13";"0,1";"0,00001";"113";"0,02";"0,1";"";"";"";"0,00001";"0,00001";"0,03";"0,00001";"34,5";"";"";"";"";"";"";"";"";"";"";"";"";"";"";"";"";"";"";"";"";"";"";"";"";"";"";"";"";"";"";"";"";"";"";"";"";"";"";"";""
"220";"Frutas e derivados";"Limão, tahiti, cru";"87,4";"32";"133";"0,9";"0,1";"";"11,1";"1,2";"0,4";"51";"10";"0,07";"24";"0,2";"1";"128";"0,06";"0,2";"";"";"";"0,3";"0,04";"0,00001";"0,00001";"38,2";"";"";"";"";"";"";"";"";"";"";"";"";"";"";"";"";"";"";"";"";"";"";"";"";"";"";"";"";"";"";"";"";"";"";"";"";"";"";"";""
"221";"Frutas e derivados";"Maçã, Argentina, com casca, crua";"82,6";"63";"262";"0,2";"0,2";"";"16,6";"2";"0,3";"3";"5";"0,01";"11";"0,1";"1";"117";"0,03";"0,00001";"";"";"";"0,05";"0,00001";"0,00001";"0,00001";"1,5";"0,1";"0,00001";"0,00001";"";"0,00001";"0,04";"0,02";"0,00001";"0,00001";"0,00001";"";"0,00001";"0,02";"";"0,04";"0,01";"";"";"";"";"";"";"";"";"";"";"";"";"";"";"";"";"";"";"";"";"";"";"";""
"222";"Frutas e derivados";"Maçã, Fuji, com casca, crua";"84,3";"56";"232";"0,3";"0,00001";"";"15,2";"1,3";"0,2";"2";"2";"0,03";"9";"0,1";"0,00001";"75";"0,06";"0,00001";"";"4";"2";"0,00001";"0,00001";"0,03";"0,00001";"2,4";"";"";"";"";"";"";"";"";"";"";"";"";"";"";"";"";"";"";"";"";"";"";"";"";"";"";"";"";"";"";"";"";"";"";"";"";"";"";"";""
"223";"Frutas e derivados";"Macaúba, crua";"41,5";"404";"1692";"2,1";"40,7";"";"13,9";"13,4";"1,8";"67";"66";"0,08";"44";"0,8";"1";"306";"0,35";"0,7";"";"1020";"510";"0,11";"0,11";"0,03";"0,00001";"13,4";"7,1";"25,3";"6,5";"";"0,04";"6,01";"0,97";"0,05";"";"";"";"0,67";"24,57";"0,04";"6,18";"0,3";"";"";"";"";"";"";"";"";"";"";"";"";"";"";"";"";"";"";"";"";"";"";"";""
"224";"Frutas e derivados";"Mamão, doce em calda, drenado";"45,5";"196";"819";"0,2";"0,1";"";"54";"1,3";"0,2";"20";"6";"0,02";"4";"0,1";"3";"68";"0,02";"0,1";"";"";"";"0,03";"0,00001";"0,00001";"0,00001";"3,9";"";"";"";"";"";"";"";"";"";"";"";"";"";"";"";"";"";"";"";"";"";"";"0";"0,01";"0,01";"0,01";"0";"0,01";"0,01";"0";"0,02";"0";"0,02";"0,03";"0,01";"0,04";"0,02";"0";"0";"0,03"
"225";"Frutas e derivados";"Mamão, Formosa, cru";"86,9";"45";"190";"0,8";"0,1";"";"11,6";"1,8";"0,6";"25";"17";"0,04";"11";"0,2";"3";"222";"1,36";"0,1";"";"148";"74";"0,03";"0,03";"0,00001";"0,00001";"78,5";"";"";"";"";"";"";"";"";"";"";"";"";"";"";"";"";"";"";"";"";"";"";"";"";"";"";"";"";"";"";"";"";"";"";"";"";"";"";"";""
"226";"Frutas e derivados";"Mamão, Papaia, cru";"88,6";"40";"168";"0,5";"0,1";"";"10,4";"1";"0,4";"22";"22";"0,01";"11";"0,2";"2";"126";"0,02";"0,1";"";"118";"59";"0,03";"0,04";"0,00001";"1,03";"82,2";"";"";"";"";"";"";"";"";"";"";"";"";"";"";"";"";"";"";"";"";"";"";"";"";"";"";"";"";"";"";"";"";"";"";"";"";"";"";"";""
"227";"Frutas e derivados";"Mamão verde, doce em calda, drenado";"41,9";"209";"876";"0,3";"0,1";"";"57,6";"1,2";"0,1";"12";"5";"0,04";"3";"0,2";"5";"9";"0,02";"0";"";"";"";"0,00001";"0,00001";"0,00001";"0,00001";"0,00001";"";"";"";"";"";"";"";"";"";"";"";"";"";"";"";"";"";"";"";"";"";"";"0";"0,02";"0";"0";"0";"0,01";"0,01";"0,01";"0,02";"0,01";"0,02";"0,04";"0,01";"0,01";"0,01";"0,01";"0,01";"0,03"
"228";"Frutas e derivados";"Manga, Haden, crua";"82,3";"64";"266";"0,4";"0,3";"";"16,7";"1,6";"0,4";"12";"8";"0,17";"9";"0,1";"1";"148";"0,1";"0,1";"";"162";"81";"0,02";"0,06";"0,05";"0,00001";"17,4";"0,1";"0,1";"0,00001";"0,00001";"0,00001";"0,07";"0,00001";"0,00001";"0,00001";"0,00001";"";"0,04";"0,05";"0,00001";"0,02";"0,02";"";"";"";"";"";"";"";"";"";"";"";"";"";"";"";"";"";"";"";"";"";"";"";""
"229";"Frutas e derivados";"Manga, Palmer, crua";"79,7";"72";"303";"0,4";"0,2";"";"19,4";"1,6";"0,3";"12";"9";"0,05";"14";"0,1";"2";"157";"0,09";"0,1";"";"787";"393";"0,09";"0,03";"0,00001";"0,00001";"65,5";"";"";"";"";"";"";"";"";"";"";"";"";"";"";"";"";"";"";"";"";"";"";"0,02";"0,01";"0,02";"0,03";"0,02";"0,01";"0";"0,02";"0,01";"0,02";"0,02";"0,01";"0,03";"0,03";"0,04";"0,02";"0,02";"0,02"
"230";"Frutas e derivados";"Manga, polpa, congelada";"86,5";"48";"202";"0,4";"0,2";"";"12,5";"1,1";"0,4";"7";"9";"0,12";"9";"0,1";"7";"131";"0,06";"0,1";"";"";"";"0,00001";"0,07";"0,03";"0,00001";"24,9";"0,1";"0,1";"0,00001";"";"0,01";"0,07";"0,00001";"";"";"";"";"0,03";"0,05";"";"0,01";"0,02";"";"";"";"";"";"";"";"";"";"";"";"";"";"";"";"";"";"";"";"";"";"";"";""
"231";"Frutas e derivados";"Manga, Tommy Atkins, crua";"85,8";"51";"212";"0,9";"0,2";"";"12,8";"2,1";"0,3";"8";"7";"0,34";"14";"0,1";"0,00001";"138";"0,06";"0,1";"";"118";"59";"0,00001";"0,04";"0,03";"0,00001";"7,9";"0,1";"0,1";"0,00001";"0,00001";"0,03";"0,05";"0,00001";"0,00001";"0,00001";"0,00001";"";"0,04";"0,04";"0,00001";"0,00001";"0,04";"";"";"";"";"0,00001";"";"";"";"";"";"";"";"";"";"";"";"";"";"";"";"";"";"";""
"232";"Frutas e derivados";"Maracujá, cru";"82,9";"68";"286";"2";"2,1";"";"12,3";"1,1";"0,8";"5";"28";"0,12";"51";"0,6";"2";"338";"0,19";"0,4";"";"114";"57";"0,00001";"0,05";"0,05";"0,00001";"19,8";"0,2";"0,3";"0,9";"";"";"0,17";"0,05";"0,00001";"";"";"";"0,00001";"0,28";"";"0,92";"0,02";"";"";"";"";"";"";"";"";"";"";"";"";"";"";"";"";"";"";"";"";"";"";"";""
"233";"Frutas e derivados";"Maracujá, polpa, congelada";"88,9";"39";"162";"0,8";"0,2";"";"9,6";"0,5";"0,5";"5";"10";"0,07";"15";"0,3";"8";"228";"0,05";"0,2";"";"";"";"0,00001";"0,09";"0,06";"0,00001";"7,3";"";"";"";"";"";"";"";"";"";"";"";"";"";"";"";"";"";"";"";"";"";"";"";"";"";"";"";"";"";"";"";"";"";"";"";"";"";"";"";""
"234";"Frutas e derivados";"Maracujá, suco concentrado, envasado";"88,9";"42";"176";"0,8";"0,2";"";"9,6";"0,4";"0,5";"4";"4";"0,07";"14";"0,3";"22";"201";"0,05";"0,1";"";"";"";"0,00001";"0,08";"0,05";"1,92";"13,7";"";"";"";"";"";"";"";"";"";"";"";"";"";"";"";"";"";"";"";"";"";"";"";"";"";"";"";"";"";"";"";"";"";"";"";"";"";"";"";""
"235";"Frutas e derivados";"Melancia, crua";"90,7";"33";"136";"0,9";"0,00001";"";"8,1";"0,1";"0,3";"8";"10";"0,14";"12";"0,2";"0,00001";"104";"0,04";"0,1";"";"61";"31";"0,00001";"0,00001";"0,00001";"0,00001";"6,1";"";"";"";"";"";"";"";"";"";"";"";"";"";"";"";"";"";"";"";"";"";"";"";"";"";"";"";"";"";"";"";"";"";"";"";"";"";"";"";""
"236";"Frutas e derivados";"Melão, cru";"91,3";"29";"123";"0,7";"0,00001";"";"7,5";"0,3";"0,5";"3";"6";"0,05";"10";"0,2";"11";"216";"0,04";"0,1";"";"2";"1";"0,00001";"0,00001";"0,02";"0,00001";"8,7";"";"";"";"";"";"";"";"";"";"";"";"";"";"";"";"";"";"";"";"";"";"";"";"";"";"";"";"";"";"";"";"";"";"";"";"";"";"";"";""
"237";"Frutas e derivados";"Mexerica, Murcote, crua";"83,7";"58";"241";"0,9";"0,1";"";"14,9";"3,1";"0,5";"33";"12";"0,05";"19";"0,1";"1";"159";"0,06";"0,1";"";"";"";"0,08";"0,07";"0,05";"0,00001";"21,8";"";"";"";"";"";"";"";"";"";"";"";"";"";"";"";"";"";"";"";"";"";"";"";"";"";"";"";"";"";"";"";"";"";"";"";"";"";"";"";""
"238";"Frutas e derivados";"Mexerica, Rio, crua";"89,6";"37";"154";"0,7";"0,1";"";"9,3";"2,7";"0,3";"17";"8";"0,05";"14";"0,1";"2";"125";"0,07";"0,2";"";"";"";"0,03";"0,00001";"0,00001";"0,00001";"112";"";"";"";"";"";"";"";"";"";"";"";"";"";"";"";"";"";"";"";"";"";"";"";"";"";"";"";"";"";"";"";"";"";"";"";"";"";"";"";""
"239";"Frutas e derivados";"Morango, cru";"91,5";"30";"126";"0,9";"0,3";"";"6,8";"1,7";"0,5";"11";"10";"0,33";"22";"0,3";"0,00001";"184";"0,06";"0,2";"";"";"";"0,00001";"0,03";"0,03";"0,00001";"63,6";"";"";"";"";"";"";"";"";"";"";"";"";"";"";"";"";"";"";"";"";"";"";"";"";"";"";"";"";"";"";"";"";"";"";"";"";"";"";"";""
"240";"Frutas e derivados";"Nêspera, crua";"87,8";"43";"178";"0,3";"0,00001";"";"11,5";"3";"0,4";"20";"10";"0,07";"10";"0,1";"0,00001";"113";"0,12";"0,1";"";"170";"85";"0,00001";"0,00001";"0,00001";"0,00001";"3,2";"";"";"";"";"";"";"";"";"";"";"";"";"";"";"";"";"";"";"";"";"";"";"";"";"";"";"";"";"";"";"";"";"";"";"";"";"";"";"";""
"241";"Frutas e derivados";"Pequi, cru";"65,9";"205";"858";"2,3";"18";"";"13";"19";"0,8";"32";"30";"0,64";"34";"0,3";"0,00001";"298";"0,21";"1";"";"60";"30";"0,17";"0,48";"0,06";"2,57";"8,3";"";"";"";"";"";"";"";"";"";"";"";"";"";"";"";"";"";"";"";"";"";"";"";"";"";"";"";"";"";"";"";"";"";"";"";"";"";"";"";""
"242";"Frutas e derivados";"Pêra, Park, crua";"83,2";"61";"254";"0,2";"0,2";"";"16,1";"3";"0,3";"9";"6";"0,04";"12";"0,3";"1";"102";"0,08";"0,1";"";"";"";"0,06";"0,00001";"0,00001";"0,00001";"2,4";"0,1";"0,00001";"0,1";"";"0,00001";"0,05";"0,01";"0,01";"0,01";"0,01";"";"0,00001";"0,02";"0,00001";"0,05";"0,01";"";"";"";"";"";"";"";"";"";"";"";"";"";"";"";"";"";"";"";"";"";"";"";""
"243";"Frutas e derivados";"Pêra, Williams, crua";"85";"53";"223";"0,6";"0,1";"";"14";"3";"0,3";"8";"6";"0,04";"12";"0,1";"0,00001";"116";"0,07";"0,1";"";"";"";"0,00001";"0,00001";"0,00001";"0,00001";"2,8";"";"";"";"";"";"";"";"";"";"";"";"";"";"";"";"";"";"";"";"";"";"";"";"";"";"";"";"";"";"";"";"";"";"";"";"";"";"";"";""
"244";"Frutas e derivados";"Pêssego, Aurora, cru";"89,3";"36";"152";"0,8";"0,00001";"";"9,3";"1,4";"0,5";"3";"4";"0,05";"15";"0,2";"0,00001";"124";"0,02";"0,1";"";"";"";"0,05";"0,00001";"0,00001";"0,00001";"3,3";"";"";"";"";"";"";"";"";"";"";"";"";"";"";"";"";"";"";"";"";"";"";"";"";"";"";"";"";"";"";"";"";"";"";"";"";"";"";"";""
"245";"Frutas e derivados";"Pêssego, enlatado, em calda";"82,2";"63";"264";"0,7";"0,00001";"";"16,9";"1";"0,2";"4";"4";"0,03";"9";"0,6";"3";"95";"0,04";"0,1";"";"48";"24";"0,00001";"0,00001";"0,00001";"0,00001";"0,00001";"";"";"";"";"";"";"";"";"";"";"";"";"";"";"";"";"";"";"";"";"";"";"";"";"";"";"";"";"";"";"";"";"";"";"";"";"";"";"";""
"246";"Frutas e derivados";"Pinha, crua";"75";"88";"370";"1,5";"0,3";"";"22,4";"3,4";"0,7";"21";"31";"0,15";"34";"0,2";"1";"283";"0,11";"0,2";"";"";"";"0,12";"0,04";"0,09";"0,00001";"35,9";"0,1";"0,00001";"0,1";"";"";"0,08";"0,01";"";"0,00001";"0,00001";"";"";"0,03";"";"0,08";"0,04";"";"";"";"";"";"";"";"";"";"";"";"";"";"";"";"";"";"";"";"";"";"";"";""
"247";"Frutas e derivados";"Pitanga, crua";"88,3";"41";"173";"0,9";"0,2";"";"10,2";"3,2";"0,4";"18";"12";"0,36";"13";"0,4";"2";"113";"0,08";"0,4";"";"154";"77";"0,03";"0,1";"0,00001";"0,00001";"24,9";"";"";"";"";"";"";"";"";"";"";"";"";"";"";"";"";"";"";"";"";"";"";"";"";"";"";"";"";"";"";"";"";"";"";"";"";"";"";"";""
"248";"Frutas e derivados";"Pitanga, polpa, congelada";"94,6";"19";"80";"0,3";"0,1";"";"4,8";"0,7";"0,3";"8";"6";"0,05";"12";"0,4";"5";"87";"0,06";"0,1";"";"146";"73";"0,00001";"0,00001";"0,00001";"0,00001";"0,00001";"";"";"";"";"";"";"";"";"";"";"";"";"";"";"";"";"";"";"";"";"";"";"0";"0,01";"0,01";"0,02";"0,02";"0";"0";"0,01";"0,01";"0,01";"0,02";"0";"0,02";"0,03";"0,04";"0,01";"0,01";"0,01"
"249";"Frutas e derivados";"Romã, crua";"84";"56";"233";"0,4";"0,00001";"";"15,1";"0,4";"0,5";"5";"13";"0,13";"40";"0,3";"1";"485";"0,19";"0,7";"";"";"";"0,12";"0,17";"0,05";"0,00001";"8,1";"";"";"";"";"";"";"";"";"";"";"";"";"";"";"";"";"";"";"";"";"";"";"";"";"";"";"";"";"";"";"";"";"";"";"";"";"";"";"";""
"250";"Frutas e derivados";"Tamarindo, cru";"22";"276";"1154";"3,2";"0,5";"";"72,5";"6,4";"1,9";"37";"59";"0,34";"55";"0,6";"0";"723";"0,29";"0,7";"";"";"";"0,31";"0,00001";"0,1";"0,00001";"7,2";"0,1";"0,2";"0,00001";"";"0,00001";"0,09";"0,01";"0,00001";"0,00001";"0,00001";"";"0,00001";"0,18";"0,00001";"0,02";"0,02";"";"";"";"";"0,00001";"";"";"";"";"";"";"";"";"";"";"";"";"";"";"";"";"";"";""
"251";"Frutas e derivados";"Tangerina, Poncã, crua";"89,2";"38";"158";"0,8";"0,1";"";"9,6";"0,9";"0,3";"13";"8";"0,04";"12";"0,1";"0,00001";"131";"0,03";"0,00001";"";"47";"24";"0,06";"0,02";"0,02";"0,00001";"48,8";"";"";"";"";"";"";"";"";"";"";"";"";"";"";"";"";"";"";"";"";"";"";"";"";"";"";"";"";"";"";"";"";"";"";"";"";"";"";"";""
"252";"Frutas e derivados";"Tangerina, Poncã, suco";"90,4";"36";"151";"0,5";"0,00001";"";"8,8";"0,00001";"0,3";"4";"6";"0,02";"9";"0,00001";"0,00001";"119";"0,02";"0,00001";"";"51";"26";"0,06";"0,00001";"0,03";"0,00001";"41,8";"";"";"";"";"";"";"";"";"";"";"";"";"";"";"";"";"";"";"";"";"";"";"";"";"";"";"";"";"";"";"";"";"";"";"";"";"";"";"";""
"253";"Frutas e derivados";"Tucumã, cru";"51,3";"262";"1096";"2,1";"19,1";"";"26,5";"12,7";"1,1";"46";"121";"0,55";"53";"0,6";"4";"401";"0,39";"0,9";"";"2363";"1181";"0,04";"0,00001";"0,11";"0,00001";"18";"4,7";"9,7";"0,9";"";"0,02";"3,18";"1,19";"0,25";"0,02";"0,02";"";"";"9,62";"0,06";"0,3";"0,58";"";"";"";"";"";"";"";"";"";"";"";"";"";"";"";"";"";"";"";"";"";"";"";""
"254";"Frutas e derivados";"Umbu, cru";"89,3";"37";"155";"0,8";"0,00001";"";"9,4";"2";"0,5";"12";"11";"0,03";"13";"0,1";"0,00001";"152";"0,04";"0,4";"";"";"";"0,05";"0,06";"0,03";"0,00001";"24,1";"";"";"";"";"";"";"";"";"";"";"";"";"";"";"";"";"";"";"";"";"";"";"";"";"";"";"";"";"";"";"";"";"";"";"";"";"";"";"";""
"255";"Frutas e derivados";"Umbu, polpa, congelada";"90,2";"34";"142";"0,5";"0,1";"";"8,8";"1,3";"0,4";"11";"8";"0,05";"13";"0,2";"6";"154";"0,04";"0,1";"";"";"";"0,00001";"0,06";"0,00001";"0,00001";"4";"";"";"";"";"";"";"";"";"";"";"";"";"";"";"";"";"";"";"";"";"";"";"";"";"";"";"";"";"";"";"";"";"";"";"";"";"";"";"";""
"256";"Frutas e derivados";"Uva, Itália, crua";"85";"53";"221";"0,7";"0,2";"";"13,6";"0,9";"0,6";"7";"5";"0,13";"12";"0,1";"0,00001";"162";"0,11";"0,00001";"";"5";"3";"0,00001";"0,00001";"0,03";"0,00001";"3,3";"";"";"";"";"";"";"";"";"";"";"";"";"";"";"";"";"";"";"";"";"";"";"";"";"";"";"";"";"";"";"";"";"";"";"";"";"";"";"";""
"257";"Frutas e derivados";"Uva, Rubi, crua";"86,1";"49";"205";"0,6";"0,2";"";"12,7";"0,9";"0,5";"8";"6";"0,07";"23";"0,2";"8";"159";"0,05";"0,00001";"";"";"";"0,02";"0,02";"0,00001";"0,00001";"1,9";"";"";"";"";"";"";"";"";"";"";"";"";"";"";"";"";"";"";"";"";"";"";"";"";"";"";"";"";"";"";"";"";"";"";"";"";"";"";"";""
"258";"Frutas e derivados";"Uva, suco concentrado, envasado";"85,1";"58";"241";"0,00001";"0,00001";"";"14,7";"0,2";"0,2";"9";"7";"0,2";"10";"0,1";"10";"54";"0,13";"0,1";"";"";"";"0,07";"0,02";"0,05";"0,00001";"21";"";"";"";"";"";"";"";"";"";"";"";"";"";"";"";"";"";"";"";"";"";"";"";"";"";"";"";"";"";"";"";"";"";"";"";"";"";"";"";""
"259";"Gorduras e óleos";"Azeite, de dendê";"";"884";"3699";"";"100";"";"";"";"";"";"";"";"";"";"";"";"";"";"";"";"";"";"";"";"";"";"43,1";"40,1";"16,6";"0,28";"0,79";"36,77";"4,61";"0,35";"0,1";"0,08";"";"0,14";"39,86";"0,24";"15,69";"0,83";"";"";"";"";"";"0,14";"";"";"";"";"";"";"";"";"";"";"";"";"";"";"";"";"";""
"260";"Gorduras e óleos";"Azeite, de oliva, extra virgem";"";"884";"3699";"";"100";"";"";"";"";"";"";"";"";"";"";"";"";"";"";"";"";"";"";"";"";"";"14,9";"75,5";"9,5";"";"";"11,3";"2,96";"0,38";"0,12";"0,05";"";"1,09";"74,01";"0,25";"8,74";"0,75";"";"";"";"";"";"";"";"";"";"";"";"";"";"";"";"";"";"";"";"";"";"";"";""
"261";"Gorduras e óleos";"Manteiga, com sal";"15,8";"726";"3037";"0,4";"82,4";"201";"0,1";"";"1,4";"9";"1";"0,00001";"28";"0,2";"579";"15";"0,00001";"0,00001";"924";"";"";"0,00001";"0,00001";"0,00001";"0,00001";"0,00001";"49,2";"20,4";"1,2";"2,09";"8,06";"23,01";"9,3";"0,15";"";"";"0,81";"0,98";"17,94";"0,13";"0,89";"0,27";"";"";"";"";"2,5";"0,8";"";"";"";"";"";"";"";"";"";"";"";"";"";"";"";"";"";""
"262";"Gorduras e óleos";"Manteiga, sem sal";"13,6";"758";"3170";"0,4";"86";"214";"0";"";"0,1";"4";"1";"0,00001";"7";"0,00001";"4";"5";"0,04";"0,00001";"1013";"";"";"0,00001";"0,00001";"0,00001";"0,00001";"0,00001";"51,5";"21,9";"1,5";"2,11";"7,96";"23,87";"9,64";"0,14";"";"";"0,78";"0,98";"19,8";"0,12";"1,22";"0,27";"";"";"";"";"2,31";"0,51";"";"";"";"";"";"";"";"";"";"";"";"";"";"";"";"";"";""
"263";"Gorduras e óleos";"Margarina, com óleo hidrogenado, com sal (65% de lipídeos)";"32,2";"596";"2494";"0,00001";"67,4";"";"0";"";"1,9";"6";"1";"0,00001";"7";"0,1";"894";"21";"0,00001";"0,00001";"462";"";"";"0,00001";"0,00001";"0,00001";"0,00001";"0,00001";"14,9";"18,2";"21,4";"0,06";"0,11";"8,29";"5,75";"0,23";"0,28";"0,09";"";"0,05";"17,87";"0,28";"19,48";"1,74";"";"";"";"";"8,69";"1,3";"";"";"";"";"";"";"";"";"";"";"";"";"";"";"";"";"";""
"264";"Gorduras e óleos";"Margarina, com óleo hidrogenado, sem sal (80% de lipídeos)";"19,6";"723";"3023";"0,00001";"81,7";"";"0";"";"0,2";"3";"1";"0,00001";"4";"0,1";"78";"2";"0,00001";"0,00001";"534";"";"";"0,00001";"0,00001";"0,00001";"0,00001";"0,00001";"";"";"";"";"";"";"";"";"";"";"";"";"";"";"";"";"";"";"";"";"";"";"";"";"";"";"";"";"";"";"";"";"";"";"";"";"";"";"";""
"265";"Gorduras e óleos";"Margarina, com óleo interesterificado, com sal (65%de lipídeos)";"32";"594";"2487";"0,00001";"67,2";"";"0";"";"1,2";"5";"1";"0,00001";"6";"0,00001";"561";"15";"0,00001";"0,00001";"385";"";"";"0,00001";"0,00001";"0,00001";"0,00001";"0,00001";"21,9";"15";"27,6";"2,5";"1";"12,91";"4,35";"0,21";"0,2";"0,08";"";"0,06";"14,7";"0,26";"24,85";"2,64";"";"";"";"";"0,09";"0,24";"";"";"";"";"";"";"";"";"";"";"";"";"";"";"";"";"";""
"266";"Gorduras e óleos";"Margarina, com óleo interesterificado, sem sal (65% de lipídeos)";"33,4";"593";"2482";"0,00001";"67,1";"";"0";"";"0,1";"5";"1";"0,00001";"7";"0,1";"33";"5";"0,00001";"0,00001";"245";"";"";"0,00001";"0,00001";"0,00001";"0,00001";"0,00001";"20,9";"14,4";"26,5";"2,35";"0,94";"12,41";"4,15";"0,2";"0,19";"0,08";"";"0,05";"14,07";"0,25";"23,79";"2,58";"";"";"";"";"0,12";"0,2";"";"";"";"";"";"";"";"";"";"";"";"";"";"";"";"";"";""
"267";"Gorduras e óleos";"Óleo, de babaçu";"";"884";"3699";"";"100";"";"";"";"";"";"";"";"";"";"";"";"";"";"";"";"";"";"";"";"";"";"50,9";"18,6";"30,2";"25,03";"7,92";"9,46";"3,14";"0,17";"0,21";"0,07";"";"";"18,51";"0,25";"27,17";"2,86";"";"";"";"";"";"0,19";"";"";"";"";"";"";"";"";"";"";"";"";"";"";"";"";"";""
"268";"Gorduras e óleos";"Óleo, de canola";"";"884";"3699";"";"100";"";"";"";"";"";"";"";"";"";"";"";"";"";"";"";"";"";"";"";"";"";"7,9";"62,6";"28,4";"";"0,06";"4,59";"2,21";"0,57";"0,3";"0,15";"";"0,2";"61,14";"1,11";"20,87";"6,78";"";"";"";"";"";"0,37";"";"";"";"";"";"";"";"";"";"";"";"";"";"";"";"";"";""
"269";"Gorduras e óleos";"Óleo, de girassol";"";"884";"3699";"";"100";"";"";"";"";"";"";"";"";"";"";"";"";"";"";"";"";"";"";"";"";"";"10,8";"25,4";"62,6";"";"0,07";"6,1";"3,42";"0,26";"0,67";"0,25";"";"0,08";"25,15";"0,18";"62,22";"0,39";"";"";"";"";"";"1,14";"";"";"";"";"";"";"";"";"";"";"";"";"";"";"";"";"";""
"270";"Gorduras e óleos";"Óleo, de milho";"";"884";"3699";"";"100";"";"";"";"";"";"";"";"";"";"";"";"";"";"";"";"";"";"";"";"";"";"15,2";"33,4";"50,9";"";"";"12,12";"2,18";"0,49";"0,18";"0,19";"";"0,12";"33,04";"0,23";"49,94";"0,96";"";"";"";"";"";"0,48";"";"";"";"";"";"";"";"";"";"";"";"";"";"";"";"";"";""
"271";"Gorduras e óleos";"Óleo, de pequi";"";"884";"3699";"";"100";"";"";"";"";"";"";"";"";"";"";"";"";"";"";"";"";"";"";"";"";"";"39,9";"55,8";"4,2";"";"0,09";"37,37";"2,08";"0,19";"0,05";"0,06";"";"0,83";"54,73";"0,14";"3,74";"0,51";"";"";"";"";"";"";"";"";"";"";"";"";"";"";"";"";"";"";"";"";"";"";"";""
"272";"Gorduras e óleos";"Óleo, de soja";"";"884";"3699";"";"100";"";"";"";"";"";"";"";"";"";"";"";"";"";"";"";"";"";"";"";"";"";"15,2";"23,3";"60";"";"0,08";"10,83";"3,36";"0,33";"0,43";"0,14";"";"0,09";"22,98";"0,6";"53,85";"5,72";"";"";"";"";"";"0,5";"";"";"";"";"";"";"";"";"";"";"";"";"";"";"";"";"";""
"273";"Pescados e frutos do mar";"Abadejo, filé, congelado, assado";"74,3";"112";"467";"23,5";"1,2";"103";"0";"";"1,6";"23";"20";"0,00001";"338";"0,5";"334";"156";"0,03";"0,5";"0,00001";"0,00001";"0,00001";"0,00001";"0,00001";"0,00001";"0,44";"";"0,6";"0,3";"0,1";"";"0,01";"0,44";"0,11";"";"";"";"";"0,02";"0,29";"0,02";"0,02";"0,00001";"0,00001";"0,06";"0,00001";"0,07";"0,00001";"";"";"";"";"";"";"";"";"";"";"";"";"";"";"";"";"";"";""
"274";"Pescados e frutos do mar";"Abadejo, filé, congelado,cozido";"79,7";"91";"381";"19,3";"0,9";"87";"0";"";"0,9";"17";"16";"0,00001";"351";"0,3";"189";"146";"0,03";"0,4";"0,00001";"0,00001";"0,00001";"0,00001";"0,00001";"0,00001";"0,00001";"";"0,4";"0,3";"0,2";"";"0,00001";"0,29";"0,08";"";"";"";"";"0,01";"0,22";"0,02";"0,03";"";"0,00001";"0,06";"0,00001";"0,08";"";"";"";"";"";"";"";"";"";"";"";"";"";"";"";"";"";"";"";""
"275";"Pescados e frutos do mar";"Abadejo, filé, congelado, cru";"86,4";"59";"247";"13,1";"0,4";"31";"0";"";"0,6";"10";"14";"0,01";"91";"0,1";"79";"148";"0,14";"0,4";"0,00001";"0,00001";"0,00001";"0,04";"0,00001";"0,00001";"4,6";"";"0,1";"0,00001";"0,1";"0,00001";"0,00001";"0,06";"0,02";"";"";"";"";"0,00001";"0,04";"0,00001";"0,00001";"";"0,01";"0,01";"0,00001";"0,08";"";"";"";"";"";"";"";"";"";"";"";"";"";"";"";"";"";"";"";""
"276";"Pescados e frutos do mar";"Abadejo, filé, congelado, grelhado";"71";"130";"542";"27,6";"1,3";"136";"0";"";"1,6";"20";"22";"0,00001";"581";"0,3";"305";"279";"0,00001";"0,4";"6";"6";"6";"0,03";"0,00001";"0,00001";"0,44";"";"0,6";"0,3";"0,6";"";"0,01";"0,42";"0,11";"";"";"";"";"0,01";"0,27";"0,02";"0,02";"0,02";"0,00001";"0,1";"";"0,42";"";"";"";"";"";"";"";"";"";"";"";"";"";"";"";"";"";"";"";""
"277";"Pescados e frutos do mar";"Atum, conserva em óleo";"64,5";"166";"694";"26,2";"6";"53";"0";"";"1,5";"7";"29";"0,00001";"211";"1,2";"362";"280";"0,04";"0,6";"0,00001";"0,00001";"0,00001";"0,15";"0,03";"0,00001";"3,17";"";"1";"1,3";"3,2";"";"0,02";"0,7";"0,26";"0,02";"0,02";"";"";"0,02";"1,27";"0,02";"2,68";"0,29";"0,03";"0,03";"";"0,19";"";"0,04";"";"";"";"";"";"";"";"";"";"";"";"";"";"";"";"";"";""
"278";"Pescados e frutos do mar";"Atum, fresco, cru";"73,1";"118";"492";"25,7";"0,9";"48";"0";"";"1,3";"7";"32";"0,00001";"254";"1,3";"30";"308";"0,09";"0,4";"20";"20";"20";"0,00001";"0,04";"0,00001";"5,94";"";"0,5";"0,2";"0,00001";"";"0,01";"0,27";"0,17";"0,00001";"0,00001";"0,00001";"";"0,02";"0,18";"0,00001";"0,01";"0,01";"0,00001";"0,00001";"";"0,01";"0,00001";"";"";"";"";"";"";"";"";"";"";"";"";"";"";"";"";"";"";""
"279";"Pescados e frutos do mar";"Bacalhau, salgado, cru";"47,9";"136";"569";"29";"1,3";"139";"0";"";"22,5";"157";"49";"0,03";"186";"0,9";"13585";"434";"0,09";"0,7";"0,00001";"0,00001";"0,00001";"0,00001";"0,21";"0,00001";"";"";"0,6";"0,3";"0,2";"0,00001";"0,03";"0,43";"0,14";"";"0,00001";"0,00001";"";"0,03";"0,28";"0,00001";"0,02";"0,08";"0,03";"0,02";"";"0,06";"0,00001";"";"";"";"";"";"";"";"";"";"";"";"";"";"";"";"";"";"";""
"280";"Pescados e frutos do mar";"Bacalhau, salgado, refogado";"65,9";"140";"584";"24";"3,6";"112";"1,2";"";"5,3";"59";"15";"0,00001";"51";"0,2";"1256";"50";"0,04";"0,6";"0,00001";"0,00001";"0,00001";"0,03";"0,05";"0,00001";"5,17";"0,00001";"0,9";"1,1";"1,2";"";"0,02";"0,65";"0,23";"0,02";"0,02";"0,00001";"";"0,02";"1,01";"0,03";"1,08";"0,07";"0,00001";"0,04";"";"0,04";"0,03";"0,01";"";"";"";"";"";"";"";"";"";"";"";"";"";"";"";"";"";""
"281";"Pescados e frutos do mar";"Cação, posta, com farinha de trigo, frita";"60,6";"208";"872";"25";"10";"75";"3,1";"0,5";"1,4";"30";"26";"0,06";"462";"1";"160";"420";"0,00001";"0,6";"17";"17";"17";"0,00001";"0,00001";"0,00001";"0,77";"";"1,5";"2,2";"5,2";"";"0,01";"1,03";"0,37";"0,03";"0,04";"0,02";"";"0,01";"2,17";"0,03";"4,62";"0,47";"0,02";"0,01";"0,02";"0,07";"";"";"";"";"";"";"";"";"";"";"";"";"";"";"";"";"";"";"";""
"282";"Pescados e frutos do mar";"Cação, posta, cozida";"75,9";"116";"485";"25,6";"0,7";"83";"0";"";"1,2";"10";"21";"0,00001";"204";"0,3";"115";"249";"0,03";"0,6";"12";"12";"12";"0,00001";"0,04";"0,00001";"9,77";"";"0,2";"0,1";"0,2";"";"";"0,07";"0,12";"";"";"";"";"0,00001";"0,08";"0,01";"0,00001";"";"0,03";"0,01";"0,01";"0,12";"";"";"";"";"";"";"";"";"";"";"";"";"";"";"";"";"";"";"";""
"283";"Pescados e frutos do mar";"Cação, posta, crua";"81,4";"83";"349";"17,9";"0,8";"36";"0";"";"1,2";"9";"19";"0,04";"181";"0,2";"176";"299";"0,13";"0,3";"6";"6";"6";"0,04";"0,00001";"0,00001";"1,31";"";"0,1";"0,1";"0,2";"0,00001";"0,00001";"0,07";"0,07";"";"";"";"";"0,00001";"0,06";"0,01";"0,00001";"";"0,02";"0,02";"0,02";"0,1";"";"";"";"";"";"";"";"";"";"";"";"";"";"";"";"";"";"";"";""
"284";"Pescados e frutos do mar";"Camarão, Rio Grande, grande, cozido";"78,7";"90";"377";"19";"1";"241";"0";"";"1,7";"90";"19";"0,06";"266";"1,3";"367";"102";"0,17";"1,2";"0,00001";"0,00001";"0,00001";"0,00001";"0,00001";"0,00001";"1,07";"";"0,4";"0,2";"0,2";"";"0,01";"0,23";"0,14";"0,01";"0,01";"0,00001";"";"0,05";"0,16";"0,01";"0,03";"0,00001";"0,04";"0,08";"0,01";"0,09";"0,01";"";"";"";"";"";"";"";"";"";"";"";"";"";"";"";"";"";"";""
"285";"Pescados e frutos do mar";"Camarão, Rio Grande, grande, cru";"89,1";"47";"197";"10";"0,5";"124";"0";"";"0,8";"51";"27";"0,04";"234";"0,7";"201";"72";"0,11";"0,7";"20";"20";"20";"0,00001";"0,00001";"0,00001";"0,00001";"";"0,1";"0,1";"0,2";"";"0,00001";"0,08";"0,04";"0,00001";"";"";"";"0,02";"0,06";"0,00001";"0,02";"0,00001";"0,02";"0,08";"0,01";"";"0,00001";"";"";"";"";"";"";"";"";"";"";"";"";"";"";"";"";"";"";""
"286";"Pescados e frutos do mar";"Camarão, Sete Barbas, sem cabeça, com casca, frito";"61";"231";"968";"18,4";"15,6";"283";"2,9";"";"2,1";"960";"74";"0,38";"337";"2,4";"99";"107";"0,19";"1,1";"0,00001";"0,00001";"0,00001";"0,05";"0,00001";"0,00001";"0,35";"";"2,5";"3,6";"8,8";"";"";"1,69";"0,59";"0,05";"0,08";"0,03";"";"0,05";"3,54";"";"7,76";"0,82";"0,05";"0,08";"";"0,1";"";"";"";"";"";"";"";"";"";"";"";"";"";"";"";"";"";"";"";""
"287";"Pescados e frutos do mar";"Caranguejo, cozido";"77";"83";"346";"18,5";"0,4";"85";"0";"";"3,5";"357";"52";"0,07";"154";"2,9";"360";"186";"0,72";"5,7";"0,00001";"0,00001";"0,00001";"0,04";"0,31";"0,00001";"4,17";"0,00001";"0,2";"0,2";"0,00001";"";"";"0,1";"0,09";"0,01";"0,01";"";"";"0,01";"0,14";"";"0,03";"0,00001";"";"";"";"";"";"";"";"";"";"";"";"";"";"";"";"";"";"";"";"";"";"";"";""
"288";"Pescados e frutos do mar";"Corimba, cru";"75,6";"128";"536";"17,4";"6";"40";"0";"";"1";"40";"23";"0,02";"190";"0,5";"47";"317";"0,03";"0,4";"0,00001";"0,00001";"0,00001";"0,00001";"0,00001";"0,00001";"1,87";"";"2,5";"2,3";"0,3";"";"0,3";"1,57";"0,31";"0,01";"0,02";"";"";"1,21";"1,02";"0,01";"0,09";"0,12";"0,03";"0,04";"0,01";"0,03";"0,04";"";"";"";"";"";"";"";"";"";"";"";"";"";"";"";"";"";"";""
"289";"Pescados e frutos do mar";"Corimbatá, assado";"59,9";"261";"1094";"19,9";"19,6";"80";"0";"";"1";"22";"24";"0,01";"221";"1";"40";"326";"0,03";"0,7";"0,00001";"0,00001";"0,00001";"0,13";"0,06";"0,00001";"2,7";"";"4,8";"6,4";"2,6";"";"0,51";"3,25";"0,83";"";"";"";"";"2,91";"3,22";"0,26";"0,43";"0,17";"0,16";"0,84";"0,33";"0,26";"";"";"";"";"";"";"";"";"";"";"";"";"";"";"";"";"";"";"";""
"290";"Pescados e frutos do mar";"Corimbatá, cozido";"64,6";"239";"999";"20,1";"16,9";"75";"0";"";"0,8";"65";"23";"0,02";"185";"0,6";"37";"254";"0,05";"1";"0,00001";"0,00001";"0,00001";"0,00001";"0,00001";"0,00001";"2,09";"";"4,5";"6,5";"2,3";"";"0,52";"3,15";"0,68";"";"";"";"";"3,12";"3,11";"0,24";"0,21";"0,17";"0,16";"0,89";"0,36";"0,29";"";"";"";"";"";"";"";"";"";"";"";"";"";"";"";"";"";"";"";""
"291";"Pescados e frutos do mar";"Corvina de água doce, crua";"79,2";"101";"423";"18,9";"2,2";"73";"0";"";"1";"39";"25";"0,02";"154";"0,3";"45";"293";"0,02";"0,4";"8";"8";"8";"0,00001";"0,08";"0,00001";"";"";"1,2";"0,7";"0,1";"";"0,04";"0,75";"0,26";"0,01";"0,01";"0,01";"";"0,18";"0,49";"0,00001";"0,04";"0,03";"0,02";"0,01";"0,00001";"0,00001";"0,01";"";"";"";"";"";"";"";"";"";"";"";"";"";"";"";"";"";"";""
"292";"Pescados e frutos do mar";"Corvina do mar, crua";"79,4";"94";"392";"18,6";"1,6";"67";"0";"";"1,1";"";"24";"0,01";"183";"0,4";"68";"339";"0,03";"0,4";"65";"65";"65";"0,12";"0,05";"0,00001";"2,62";"";"0,7";"0,5";"0,1";"";"0,05";"0,46";"0,13";"0,01";"0,00001";"0,01";"";"0,2";"0,27";"0,02";"0,01";"0,02";"0,02";"0,03";"0,03";"0,04";"0,01";"";"";"";"";"";"";"";"";"";"";"";"";"";"";"";"";"";"";""
"293";"Pescados e frutos do mar";"Corvina grande, assada";"69";"147";"613";"26,8";"3,6";"117";"0";"";"1,3";"60";"24";"0,03";"176";"0,5";"85";"291";"0,02";"0,7";"0,00001";"0,00001";"0,00001";"0,11";"0,1";"0,00001";"4,23";"";"1,5";"1,2";"0,3";"";"0,12";"0,99";"0,32";"0,02";"0,01";"0,00001";"0,01";"0,42";"0,69";"0,03";"0,03";"";"0,04";"0,05";"0,04";"0,05";"0,02";"";"";"";"";"";"";"";"";"";"";"";"";"";"";"";"";"";"";""
"294";"Pescados e frutos do mar";"Corvina grande, cozida";"73,6";"100";"419";"23,4";"2,6";"123";"0";"";"0,9";"69";"22";"0,02";"164";"0,6";"68";"194";"0,03";"0,7";"6";"6";"6";"0,00001";"0,03";"0,00001";"0,77";"";"0,7";"0,6";"0,6";"";"0,06";"0,49";"0,17";"";"";"";"";"0,23";"0,33";"0,03";"0,02";"0,01";"0,09";"0,17";"0,1";"0,2";"0,01";"";"";"";"";"";"";"";"";"";"";"";"";"";"";"";"";"";"";""
"295";"Pescados e frutos do mar";"Dourada de água doce, fresca";"76,2";"131";"549";"18,8";"5,6";"52";"0";"";"1,1";"12";"26";"0,01";"189";"0,2";"40";"393";"0,02";"0,5";"0,00001";"0,00001";"0,00001";"0,00001";"0,00001";"0,00001";"3,7";"";"3";"1,4";"0,4";"0,01";"0,19";"1,85";"0,66";"0,03";"0,05";"0,04";"";"0,29";"1,05";"0,07";"0,14";"";"0,06";"0,02";"0,03";"0,04";"0,02";"";"";"";"";"";"";"";"";"";"";"";"";"";"";"";"";"";"";""
"296";"Pescados e frutos do mar";"Lambari, congelado, cru";"71,9";"131";"547";"16,8";"6,5";"159";"0";"";"3,6";"1181";"45";"0,28";"696";"0,9";"48";"244";"0,09";"3,3";"4";"4";"4";"0,05";"0,00001";"0,00001";"3,3";"";"2";"2,2";"1,2";"0,02";"0,16";"1,24";"0,47";"0,02";"0,04";"";"";"0,34";"1,82";"0,02";"0,49";"0,17";"0,21";"0,13";"0,06";"0,18";"0,01";"";"";"";"";"";"";"";"";"";"";"";"";"";"";"";"";"";"";""
"297";"Pescados e frutos do mar";"Lambari, congelado, frito";"40,1";"327";"1368";"28,4";"22,8";"246";"0";"";"6,2";"1881";"66";"0,34";"1067";"0,8";"65";"331";"0,31";"5,6";"9";"9";"9";"0,25";"0,03";"0,04";"8,93";"";"5,5";"7";"8,1";"";"0,22";"3,4";"1,39";"0,09";"0,12";"0,04";"0,04";"0,02";"6,72";"0,11";"6,43";"0,78";"0,34";"0,03";"0,08";"0,23";"0,04";"0,06";"";"";"";"";"";"";"";"";"";"";"";"";"";"";"";"";"";""
"298";"Pescados e frutos do mar";"Lambari, fresco, cru";"72,2";"152";"634";"15,7";"9,4";"144";"0";"";"2,2";"590";"32";"0,41";"441";"0,6";"41";"207";"0,05";"2,4";"0,00001";"0,00001";"0,00001";"0,00001";"0,03";"0,07";"1,86";"";"3,4";"3,3";"1,1";"0,03";"0,15";"2,11";"0,88";"0,04";"0,03";"0,04";"";"0,39";"2,84";"0,05";"0,57";"";"0,12";"0,1";"0,05";"0,12";"0,08";"0,02";"";"";"";"";"";"";"";"";"";"";"";"";"";"";"";"";"";""
"299";"Pescados e frutos do mar";"Manjuba, com farinha de trigo, frita";"41,3";"344";"1437";"23,5";"22,6";"282";"10,2";"0,4";"2,4";"763";"47";"0,36";"578";"3";"37";"319";"0,15";"3,8";"30";"30";"30";"0,05";"0,07";"0,00001";"0,79";"";"5,5";"5,4";"10,4";"";"0,28";"3,74";"1,08";"0,09";"0,11";"0,04";"";"0,3";"4,9";"0,09";"7,53";"0,84";"0,09";"0,44";"0,17";"1,16";"";"0,04";"";"";"";"";"";"";"";"";"";"";"";"";"";"";"";"";"";""
"300";"Pescados e frutos do mar";"Manjuba, frita";"40,7";"349";"1462";"30,1";"24,5";"270";"0";"";"4,2";"575";"32";"0,21";"735";"0,9";"41";"318";"0,14";"3,2";"12";"12";"12";"0,03";"0,03";"0,00001";"7,27";"";"5,3";"6";"11,7";"";"0,21";"3,59";"1,17";"0,09";"0,13";"0,06";"";"0,23";"5,53";"0,15";"8,92";"0,87";"0,08";"0,35";"0,14";"1,13";"";"";"";"";"";"";"";"";"";"";"";"";"";"";"";"";"";"";"";""
"301";"Pescados e frutos do mar";"Merluza, filé, assado";"70,7";"122";"510";"26,6";"0,9";"91";"0";"";"1,2";"36";"20";"0,03";"273";"0,4";"120";"364";"0,03";"0,9";"0,00001";"0,00001";"0,00001";"0,05";"0,00001";"0,00001";"7,97";"";"0,2";"0,1";"0,3";"";"";"0,12";"0,06";"";"";"0,00001";"";"0,00001";"0,1";"0,00001";"0,02";"";"0,02";"0,03";"0,00001";"0,23";"";"";"";"";"";"";"";"";"";"";"";"";"";"";"";"";"";"";"";""
"302";"Pescados e frutos do mar";"Merluza, filé, cru";"82,1";"89";"373";"16,6";"2";"57";"0";"";"1,1";"20";"27";"0,01";"185";"0,2";"80";"340";"0,00001";"0,3";"0,00001";"0,00001";"0,00001";"0,00001";"0,00001";"0,00001";"1,34";"";"0,9";"0,5";"0,4";"";"0,17";"0,59";"0,08";"0,00001";"";"0,02";"";"0,15";"0,35";"0,00001";"0,03";"0,05";"0,02";"0,03";"0,02";"0,11";"";"";"";"";"";"";"";"";"";"";"";"";"";"";"";"";"";"";"";""
"303";"Pescados e frutos do mar";"Merluza, filé, frito";"63,5";"192";"802";"26,9";"8,5";"109";"0";"";"1,5";"36";"38";"0,02";"279";"0,4";"90";"447";"0,03";"0,6";"0,00001";"0,00001";"0,00001";"0,05";"0,00001";"0,00001";"0,77";"";"1,4";"2,1";"4,3";"";"0,08";"1,03";"0,26";"";"0,03";"";"";"0,14";"1,77";"0,1";"3,07";"0,36";"";"0,19";"0,00001";"0,6";"";"";"";"";"";"";"";"";"";"";"";"";"";"";"";"";"";"";"";""
"304";"Pescados e frutos do mar";"Pescada, branca, crua";"79,6";"111";"464";"16,3";"4,6";"51";"0";"";"0,9";"16";"19";"0,01";"136";"0,2";"76";"261";"0,00001";"0,3";"3";"3";"3";"0,00001";"0,04";"0,00001";"0,6";"";"0,8";"2,4";"0,9";"";"0,04";"0,4";"0,22";"0,02";"0,01";"0,01";"";"0,75";"1,61";"0,00001";"0,04";"0,05";"0,05";"0,18";"0,13";"0,43";"0,01";"";"";"";"";"";"";"";"";"";"";"";"";"";"";"";"";"";"";""
"305";"Pescados e frutos do mar";"Pescada, branca, frita";"57";"223";"933";"27,4";"11,8";"165";"0";"";"3,2";"378";"30";"0,06";"504";"0,5";"107";"355";"0,08";"1,1";"39";"39";"39";"0,08";"0,11";"0,00001";"8,07";"";"2,3";"3,2";"5,2";"";"0,14";"1,55";"0,48";"0,04";"0,05";"0,02";"";"0,16";"2,78";"0,19";"4,21";"0,41";"0,02";"0,01";"0,03";"0,45";"0,01";"0,06";"";"";"";"";"";"";"";"";"";"";"";"";"";"";"";"";"";""
"306";"Pescados e frutos do mar";"Pescada, filé, com farinha de trigo, frito";"53,2";"283";"1186";"21,4";"19,1";"73";"5";"0,00001";"1,2";"26";"28";"0,07";"216";"0,9";"91";"216";"0,03";"0,4";"18";"18";"18";"0,00001";"0,03";"0,00001";"0,6";"";"2,2";"4,4";"9,1";"";"";"1,55";"0,53";"0,04";"0,06";"";"";"0,46";"3,91";"0,07";"6,63";"0,75";"0,05";"0,22";"0,08";"0,54";"";"";"";"";"";"";"";"";"";"";"";"";"";"";"";"";"";"";"";""
"307";"Pescados e frutos do mar";"Pescada, filé, cru";"79,5";"107";"449";"16,7";"4";"65";"0";"";"0,9";"14";"23";"0,01";"141";"0,2";"77";"253";"0,00001";"0,3";"48";"48";"48";"0,00001";"0,05";"0,00001";"3,1";"";"0,9";"2,3";"0,3";"";"0,05";"0,47";"0,24";"0,02";"0,01";"0,01";"";"0,77";"1,51";"0,00001";"0,03";"0,04";"0,02";"0,06";"0,04";"0,13";"0,01";"";"";"";"";"";"";"";"";"";"";"";"";"";"";"";"";"";"";""
"308";"Pescados e frutos do mar";"Pescada, filé, frito";"66,8";"154";"645";"28,6";"3,6";"81";"0";"";"1,7";"10";"21";"0,00001";"204";"0,3";"115";"249";"0,03";"0,6";"4";"4";"4";"0,14";"0,00001";"0,00001";"8,87";"";"1";"1,1";"1,2";"";"0,06";"0,64";"0,23";"0,02";"0,01";"0,00001";"";"0,1";"0,98";"0,04";"0,87";"0,07";"0,02";"0,02";"0,01";"0,12";"0,02";"0,01";"";"";"";"";"";"";"";"";"";"";"";"";"";"";"";"";"";""
"309";"Pescados e frutos do mar";"Pescada, filé, molho escabeche";"74,5";"142";"594";"11,8";"8";"43";"5";"0,8";"0,7";"20";"18";"0,08";"105";"1,5";"51";"208";"0,36";"0,3";"19";"";"";"0,00001";"0,03";"0,00001";"1,1";"6,9";"1,3";"2,9";"4,3";"";"";"0,96";"0,28";"0,03";"0,03";"";"";"0,09";"2,82";"0,04";"3,75";"0,41";"";"0,03";"0,02";"0,1";"";"";"";"";"";"";"";"";"";"";"";"";"";"";"";"";"";"";"";""
"310";"Pescados e frutos do mar";"Pescadinha, crua";"80,6";"76";"320";"15,5";"1,1";"84";"0";"";"2";"332";"34";"0,07";"327";"0,5";"120";"304";"0,1";"0,6";"0,00001";"0,00001";"0,00001";"0,08";"0,00001";"0,00001";"6,6";"";"0,3";"0,2";"0,4";"";"0,02";"0,19";"0,05";"";"";"0,00001";"";"0,03";"0,15";"0,01";"0,01";"0,01";"0,01";"0,09";"0,01";"0,23";"";"";"";"";"";"";"";"";"";"";"";"";"";"";"";"";"";"";"";""
"311";"Pescados e frutos do mar";"Pintado, assado";"57";"192";"801";"36,5";"4";"126";"0";"";"2";"114";"42";"0,08";"332";"0,8";"81";"527";"0,04";"2,1";"7";"7";"7";"0,03";"0,00001";"0,00001";"6,63";"";"1,8";"1,3";"0,3";"0,00001";"0,16";"1,05";"0,46";"0,02";"0,01";"";"0,02";"0,18";"0,97";"0,06";"0,12";"0,06";"0,04";"0,01";"";"0,02";"0,00001";"0,01";"";"";"";"";"";"";"";"";"";"";"";"";"";"";"";"";"";""
"312";"Pescados e frutos do mar";"Pintado, cru";"80,3";"91";"381";"18,6";"1,3";"50";"0";"";"1,1";"12";"24";"0,01";"174";"0,2";"43";"294";"0,03";"0,4";"0,00001";"0,00001";"0,00001";"0,00001";"0,00001";"0,00001";"4,95";"";"0,6";"0,4";"0,1";"";"0,03";"0,4";"0,12";"0,00001";"0,00001";"0,00001";"";"0,12";"0,32";"0,00001";"0,02";"0,02";"0,01";"0,01";"0,01";"0,01";"0,00001";"";"";"";"";"";"";"";"";"";"";"";"";"";"";"";"";"";"";""
"313";"Pescados e frutos do mar";"Pintado, grelhado";"65,5";"152";"637";"30,8";"2,3";"99";"0";"";"1,6";"69";"27";"0,03";"237";"0,5";"53";"360";"0,04";"0,8";"5";"5";"5";"0,03";"0,00001";"0,00001";"2,87";"";"1,1";"0,7";"0,2";"0,00001";"0,04";"0,61";"0,34";"0,01";"0,01";"";"0,01";"0,09";"0,5";"0,03";"0,09";"0,02";"0,02";"0,01";"0,00001";"0,00001";"0,00001";"0,00001";"";"";"";"";"";"";"";"";"";"";"";"";"";"";"";"";"";""
"314";"Pescados e frutos do mar";"Porquinho, cru";"79,2";"93";"389";"20,5";"0,6";"49";"0";"";"1,3";"26";"24";"0,05";"207";"0,4";"67";"313";"0,04";"0,7";"5";"5";"5";"0,00001";"0,00001";"0,00001";"1,19";"";"0,4";"0,1";"0,00001";"0,00001";"0,01";"0,19";"0,14";"0,00001";"0,00001";"0,00001";"";"0,01";"0,11";"0,00001";"0,02";"0,00001";"0,00001";"0,00001";"";"0,00001";"0,00001";"";"";"";"";"";"";"";"";"";"";"";"";"";"";"";"";"";"";""
"315";"Pescados e frutos do mar";"Salmão, filé, com pele, fresco,  grelhado";"60,9";"229";"957";"23,9";"14";"85";"0";"";"1,3";"29";"28";"0,02";"300";"0,5";"85";"384";"0,04";"0,6";"0,00001";"0,00001";"0,00001";"0,13";"0,06";"0,00001";"5,35";"";"3,1";"4,4";"7";"";"0,51";"2,02";"0,61";"";"";"";"";"0,69";"3,37";"0,23";"2,99";"0,4";"0,09";"1,21";"0,59";"1,22";"";"";"";"";"";"";"";"";"";"";"";"";"";"";"";"";"";"";"";""
"316";"Pescados e frutos do mar";"Salmão, sem pele, fresco, cru";"69";"170";"710";"19,3";"9,7";"53";"0";"";"1,2";"9";"27";"0,00001";"259";"0,2";"64";"376";"0,02";"0,3";"0,00001";"0,00001";"0,00001";"0,2";"0,03";"0,00001";"3,21";"";"2,5";"2,9";"3,1";"0,01";"0,3";"1,39";"0,49";"0,04";"0,12";"0,07";"";"0,36";"2,26";"0,19";"1,73";"0,03";"0,04";"0,43";"0,22";"0,46";"";"";"";"";"";"";"";"";"";"";"";"";"";"";"";"";"";"";"";""
"317";"Pescados e frutos do mar";"Salmão, sem pele, fresco, grelhado";"58,1";"243";"1015";"26,1";"14,5";"73";"0";"";"1,6";"15";"38";"0,01";"352";"0,4";"96";"518";"0,04";"0,5";"0,00001";"0,00001";"0,00001";"0,23";"0,03";"0,00001";"6,3";"";"3,6";"4,1";"5";"0,01";"0,42";"2";"0,73";"0,05";"0,17";"0,1";"";"0,54";"3,18";"0,29";"2,43";"0,33";"0,07";"0,72";"0,36";"0,75";"0,02";"";"";"";"";"";"";"";"";"";"";"";"";"";"";"";"";"";"";""
"318";"Pescados e frutos do mar";"Sardinha, assada";"60,1";"164";"688";"32,2";"3";"109";"0";"";"4,4";"438";"51";"0,24";"578";"1,3";"74";"574";"0,14";"1,8";"0,00001";"0,00001";"0,00001";"0,06";"0,00001";"0,00001";"5,83";"";"1,7";"0,5";"0,3";"";"0,16";"1,07";"0,36";"0,03";"0,02";"0,01";"0,00001";"0,11";"0,33";"0,02";"0,04";"0,02";"0,02";"0,05";"0,00001";"0,18";"";"";"";"";"";"";"";"";"";"";"";"";"";"";"";"";"";"";"";""
"319";"Pescados e frutos do mar";"Sardinha, conserva em óleo";"55,1";"285";"1192";"15,9";"24";"73";"0";"";"2,9";"550";"35";"0,11";"496";"3,5";"666";"367";"0,03";"1,6";"0,00001";"0,00001";"0,00001";"0,42";"0,04";"0,00001";"6,55";"";"4,1";"5,5";"11,9";"";"0,32";"2,66";"0,84";"0,11";"0,11";"0,04";"";"0,33";"5,03";"0,09";"9,78";"0,99";"0,09";"0,44";"0,06";"0,46";"";"0,07";"";"";"";"";"";"";"";"";"";"";"";"";"";"";"";"";"";""
"320";"Pescados e frutos do mar";"Sardinha, frita";"48,5";"257";"1075";"33,4";"12,7";"103";"0";"";"4,3";"482";"39";"0,25";"629";"1,1";"60";"460";"0,14";"1,6";"0,00001";"0,00001";"0,00001";"0,06";"0,00001";"0,00001";"7,1";"";"2,6";"3,1";"6,1";"";"0,07";"1,71";"0,62";"0,06";"0,07";"0,02";"";"0,06";"2,92";"0,04";"5,13";"0,43";"0,03";"0,09";"0,01";"0,36";"";"0,09";"";"";"";"";"";"";"";"";"";"";"";"";"";"";"";"";"";""
"321";"Pescados e frutos do mar";"Sardinha, inteira, crua";"76,6";"114";"477";"21,1";"2,7";"61";"0";"";"1,6";"167";"29";"0,1";"294";"1,3";"60";"312";"0,13";"1,3";"0,00001";"0,00001";"0,00001";"0,00001";"0,07";"0,00001";"7,7";"";"1,7";"0,5";"0,2";"0,00001";"0,21";"1";"0,27";"0,02";"0,01";"0,01";"";"0,13";"0,28";"0,02";"0,03";"0,02";"0,01";"0,03";"0,00001";"0,06";"0,00001";"";"";"";"";"";"";"";"";"";"";"";"";"";"";"";"";"";"";""
"322";"Pescados e frutos do mar";"Tucunaré, filé, congelado, cru";"79,9";"88";"367";"18";"1,2";"47";"0";"";"1";"19";"26";"0,01";"168";"0,3";"57";"288";"0,1";"0,4";"0,00001";"0,00001";"0,00001";"0,00001";"0,05";"0,00001";"0,9";"";"0,6";"0,4";"0,4";"0,00001";"0,03";"0,37";"0,17";"0,01";"0,02";"0,00001";"";"0,08";"0,26";"0,01";"0,09";"0,02";"0,1";"";"0,02";"0,12";"0,01";"0,00001";"";"";"";"";"";"";"";"";"";"";"";"";"";"";"";"";"";""
"323";"Carnes e derivados";"Apresuntado";"73,7";"129";"539";"13,5";"6,7";"38";"2,9";"";"3,3";"23";"15";"0,04";"225";"0,9";"943";"270";"0,03";"1,6";"0,00001";"";"";"0,62";"0,04";"0,00001";"0,7";"0,00001";"1,9";"2,6";"1,1";"";"0,07";"1,23";"0,61";"";"";"";"";"0,13";"2,39";"0,04";"1";"0,04";"";"";"";"";"";"";"0,16";"0,67";"0,74";"1,16";"1,26";"0,45";"0,24";"0,69";"0,59";"0,79";"1,19";"0,77";"0,86";"1,36";"2,54";"0,76";"0,67";"0,64"
"324";"Carnes e derivados";"Caldo de carne, tablete";"2,9";"241";"1007";"7,8";"16,6";"0,00001";"15,1";"0,6";"57,6";"129";"22";"0,02";"123";"0,00001";"22180";"218";"0,00001";"0,00001";"0,00001";"";"";"0,7";"0,07";"0,27";"0,00001";"";"7,8";"2,5";"0,1";"";"0,14";"3,91";"3,64";"0,05";"0,02";"";"";"0,03";"2,47";"";"0,13";"";"";"";"";"";"5,32";"0,1";"";"";"";"";"";"";"";"";"";"";"";"";"";"";"";"";"";""
"325";"Carnes e derivados";"Caldo de galinha, tablete";"3,4";"251";"1052";"6,3";"20,4";"2";"10,6";"11,8";"59,3";"16";"13";"0,13";"48";"0,7";"22300";"68";"0,00001";"0,3";"0,00001";"";"";"0,05";"0,04";"0,00001";"";"";"9,4";"3,2";"0,2";"0,09";"0,12";"3,98";"5,07";"0,07";"0,05";"0,02";"";"0,04";"3,14";"";"0,25";"";"";"";"";"";"6,19";"0,11";"";"";"";"";"";"";"";"";"";"";"";"";"";"";"";"";"";""
"326";"Carnes e derivados";"Carne, bovina, acém, moído, cozido";"61,6";"212";"889";"26,7";"10,9";"103";"0";"";"0,8";"4";"17";"0,01";"164";"2,7";"52";"256";"0,06";"8,1";"0,00001";"0,00001";"0,00001";"0,00001";"0,32";"0,00001";"1,76";"";"4,8";"4,6";"0,3";"";"0,27";"2,5";"1,83";"0,01";"0,01";"";"";"0,33";"4,17";"0,03";"0,22";"0,02";"0,02";"";"";"";"0,22";"0,02";"";"";"";"";"";"";"";"";"";"";"";"";"";"";"";"";"";""
"327";"Carnes e derivados";"Carne, bovina, acém, moído, cru";"72,7";"137";"571";"19,4";"5,9";"58";"0";"";"0,9";"3";"14";"0,00001";"158";"1,8";"49";"237";"0,08";"6,3";"2";"2";"2";"0,15";"0,21";"0,03";"4,33";"";"2,7";"2,4";"0,1";"";"0,14";"1,35";"1,09";"0,01";"0,01";"";"";"0,18";"2,22";"0,01";"0,12";"0,01";"0,01";"";"";"";"0,1";"";"";"";"";"";"";"";"";"";"";"";"";"";"";"";"";"";"";""
"328";"Carnes e derivados";"Carne, bovina, acém, sem gordura, cozido";"60,4";"215";"898";"27,3";"10,9";"107";"0";"";"0,8";"7";"14";"0,00001";"164";"2,4";"56";"254";"0,07";"8";"0,00001";"0,00001";"0,00001";"0,00001";"0,04";"0,07";"1,63";"";"5,5";"3,7";"0,3";"0,01";"0,36";"2,68";"2,16";"0,01";"0,01";"";"";"0,33";"3,32";"0,04";"0,22";"0,03";"0,01";"";"";"";"0,28";"0,02";"";"";"";"";"";"";"";"";"";"";"";"";"";"";"";"";"";""
"329";"Carnes e derivados";"Carne, bovina, acém, sem gordura, cru";"71,5";"144";"603";"20,8";"6,1";"53";"0";"";"1";"5";"13";"0,00001";"144";"1,5";"50";"234";"0,04";"5,2";"2";"2";"2";"0,12";"0,12";"0,00001";"2,33";"";"2,8";"2,3";"0,2";"";"0,14";"1,33";"1,19";"0,01";"";"";"";"0,16";"2,12";"0,01";"0,14";"0,02";"0,02";"0,01";"";"";"0,17";"0,02";"";"";"";"";"";"";"";"";"";"";"";"";"";"";"";"";"";""
"330";"Carnes e derivados";"Carne, bovina, almôndegas, cruas";"64,3";"189";"792";"12,3";"11,2";"34";"9,8";"";"2,4";"22";"24";"0,17";"145";"1,6";"621";"328";"0,15";"2,3";"0,00001";"";"";"0,11";"0,04";"0,00001";"2,2";"";"3,9";"3,5";"0,9";"0,01";"0,25";"2,1";"1,42";"0,02";"0,02";"";"";"0,29";"3,22";"0,02";"0,81";"0,09";"0,02";"";"";"";"0,25";"0,11";"";"";"";"";"";"";"";"";"";"";"";"";"";"";"";"";"";""
"331";"Carnes e derivados";"Carne, bovina, almôndegas, fritas";"48,1";"272";"1137";"18,2";"15,8";"36";"14,3";"";"3,7";"27";"48";"0,41";"244";"1,9";"1030";"536";"0,19";"2,6";"0,00001";"";"";"0,13";"0,07";"0,00001";"6,6";"";"4,2";"5";"5,5";"";"0,17";"2,47";"1,4";"0,05";"0,06";"0,02";"0,05";"0,27";"4,59";"0,05";"4,89";"0,52";"0,03";"";"";"";"0,17";"0,05";"";"";"";"";"";"";"";"";"";"";"";"";"";"";"";"";"";""
"332";"Carnes e derivados";"Carne, bovina, bucho, cozido";"74,1";"133";"557";"21,6";"4,5";"245";"0";"";"0,3";"13";"7";"0,01";"63";"0,6";"38";"70";"0,05";"2,5";"0,00001";"0,00001";"0,00001";"0,00001";"0,00001";"0,00001";"2,18";"";"2,4";"1,4";"0,1";"";"0,11";"1,08";"1,1";"0,01";"";"0,01";"";"0,09";"1,29";"";"0,07";"0,01";"0,01";"";"";"";"0,13";"0,01";"";"";"";"";"";"";"";"";"";"";"";"";"";"";"";"";"";""
"333";"Carnes e derivados";"Carne, bovina, bucho, cru";"75";"137";"574";"20,5";"5,5";"145";"0";"";"0,4";"9";"6";"0,01";"61";"0,5";"45";"85";"0,06";"2,1";"0,00001";"0,00001";"0,00001";"0,00001";"0,00001";"0,00001";"2,13";"";"3,3";"1,4";"0,1";"0,01";"0,07";"1,52";"1,49";"0,01";"";"0,02";"";"0,14";"1,26";"0,01";"0,09";"0,01";"0,01";"";"";"";"0,07";"0,01";"";"";"";"";"";"";"";"";"";"";"";"";"";"";"";"";"";""
"334";"Carnes e derivados";"Carne, bovina, capa de contra-filé, com gordura, crua";"64,8";"217";"908";"19,2";"15";"63";"0";"";"0,9";"6";"17";"0,01";"144";"1,5";"58";"267";"0,06";"3,5";"4";"4";"4";"0,09";"0,09";"0,12";"1,55";"";"6,9";"6,2";"0,1";"0,01";"0,53";"3,82";"2,03";"0,01";"";"";"";"0,73";"5,33";"0,01";"0,14";"";"0,01";"";"";"";"0,28";"0,03";"";"";"";"";"";"";"";"";"";"";"";"";"";"";"";"";"";""
"335";"Carnes e derivados";"Carne, bovina, capa de contra-filé, com gordura, grelhada";"47,9";"312";"1304";"30,7";"20";"120";"0";"";"1,1";"7";"18";"0,00001";"214";"2,6";"81";"323";"0,13";"6,2";"0,00001";"0,00001";"0,00001";"0,00001";"0,06";"0,00001";"1,74";"";"8,8";"8,7";"0,3";"";"0,53";"4,93";"2,82";"0,02";"";"";"";"0,88";"7,67";"0,04";"0,22";"";"0,04";"0,02";"";"";"0,28";"0,02";"";"";"";"";"";"";"";"";"";"";"";"";"";"";"";"";"";""
"336";"Carnes e derivados";"Carne, bovina, capa de contra-filé, sem gordura, crua";"73";"131";"548";"21,5";"4,3";"58";"0";"";"1";"6";"20";"0,00001";"178";"2";"79";"325";"0,06";"4,6";"0,00001";"0,00001";"0,00001";"0,00001";"0,04";"0,00001";"1,81";"";"1,9";"1,9";"0,1";"";"0,12";"1,05";"0,58";"0,00001";"0,00001";"0,00001";"";"0,2";"1,66";"0,01";"0,07";"0,00001";"0,01";"";"";"";"0,06";"0,00001";"";"";"";"";"";"";"";"";"";"";"";"";"";"";"";"";"";""
"337";"Carnes e derivados";"Carne, bovina, capa de contra-filé, sem gordura, grelhada";"53,7";"239";"1002";"35,1";"10";"80";"0";"";"1,3";"9";"26";"0,01";"287";"2,8";"83";"385";"0,12";"7,6";"0,00001";"0,00001";"0,00001";"0,03";"0,08";"0,00001";"1,86";"";"4,3";"4,3";"0,2";"0,01";"0,27";"2,42";"1,29";"0,01";"0,01";"";"";"0,44";"3,85";"";"0,16";"0,04";"0,04";"";"";"";"0,14";"0,01";"";"";"";"";"";"";"";"";"";"";"";"";"";"";"";"";"";""
"338";"Carnes e derivados";"Carne, bovina, charque, cozido";"45,8";"263";"1099";"36,4";"11,9";"113";"0";"";"3,6";"15";"13";"0,02";"101";"3,5";"1443";"90";"0,07";"6,1";"0,00001";"0,00001";"0,00001";"0,05";"0,07";"0,00001";"1,5";"";"4,8";"5,4";"0,4";"";"0,31";"2,61";"1,73";"0,01";"0,02";"";"0,1";"0,5";"4,68";"0,02";"0,19";"0,05";"0,06";"0,02";"0,04";"";"0,32";"0,08";"";"";"";"";"";"";"";"";"";"";"";"";"";"";"";"";"";""
"339";"Carnes e derivados";"Carne, bovina, charque, cru";"44,5";"249";"1041";"22,7";"16,8";"81";"0";"";"14,5";"15";"13";"0,00001";"122";"1,5";"5875";"236";"0,03";"3,9";"0,00001";"0,00001";"0,00001";"0,12";"0,07";"0,00001";"1,63";"";"8,7";"6,6";"0,2";"";"0,8";"4,45";"3,14";"";"";"";"";"0,54";"5,7";"";"0,16";"";"";"";"";"";"0,8";"";"";"";"";"";"";"";"";"";"";"";"";"";"";"";"";"";"";""
"340";"Carnes e derivados";"Carne, bovina, contra-filé, à milanesa";"42,2";"352";"1471";"20,6";"24";"99";"12,2";"0,4";"1,1";"15";"27";"0,27";"203";"2,9";"77";"271";"0,1";"2,9";"15";"";"";"0,07";"0,04";"0,00001";"3,02";"";"7,2";"8,1";"6,9";"";"0,33";"4,21";"2,35";"0,05";"0,06";"0,02";"0,09";"0,45";"7,36";"0,03";"6,22";"0,61";"0,05";"";"0,02";"";"0,36";"";"";"";"";"";"";"";"";"";"";"";"";"";"";"";"";"";"";""
"341";"Carnes e derivados";"Carne, bovina, contra-filé de costela, cru";"66,4";"202";"847";"19,8";"13,1";"52";"0";"";"1";"3";"14";"0,00001";"164";"1,6";"39";"245";"0,04";"4,4";"3";"3";"3";"0,14";"0,08";"0,00001";"2,68";"";"6,7";"4,6";"0,1";"0,01";"0,4";"3,15";"2,85";"0,02";"0,01";"";"";"0,35";"4,21";"0,02";"0,13";"";"";"";"";"";"0,24";"0,01";"";"";"";"";"";"";"";"";"";"";"";"";"";"";"";"";"";""
"342";"Carnes e derivados";"Carne, bovina, contra-filé de costela, grelhado";"52,2";"275";"1150";"29,9";"16,3";"98";"0";"";"1,2";"4";"24";"0,01";"252";"2,8";"51";"383";"0,08";"6,7";"0,00001";"0,00001";"0,00001";"0,00001";"0,19";"0,17";"2,75";"";"8,8";"5,6";"0,2";"0,02";"0,59";"4,28";"3,53";"0,02";"";"";"";"0,47";"5,06";"";"0,17";"0,03";"0,02";"";"";"";"0,23";"0,02";"";"";"";"";"";"";"";"";"";"";"";"";"";"";"";"";"";""
"343";"Carnes e derivados";"Carne, bovina, contra-filé, com gordura, cru";"65,7";"206";"861";"21,2";"12,8";"73";"0";"";"0,9";"4";"18";"0,01";"164";"1,3";"44";"285";"0,04";"2,8";"4";"4";"4";"0,11";"0,08";"0,03";"3,79";"";"5,6";"5,5";"0,2";"0,01";"0,41";"3,21";"1,57";"0,01";"0,01";"";"";"0,62";"4,81";"0,01";"0,15";"0,05";"0,02";"";"";"";"0,17";"0,02";"";"";"";"";"";"";"";"";"";"";"";"";"";"";"";"";"";""
"344";"Carnes e derivados";"Carne, bovina, contra-filé, com gordura, grelhado";"51,7";"278";"1163";"32,4";"15,5";"144";"0";"";"1,2";"4";"19";"0,00001";"219";"2,4";"57";"352";"0,09";"4,8";"0,00001";"0,00001";"0,00001";"0,00001";"0,18";"0,13";"4,91";"";"7,4";"6,3";"0,2";"0,01";"0,5";"4,24";"2,24";"0,01";"";"";"";"0,63";"5,58";"";"0,14";"0,03";"0,01";"";"";"";"0,19";"0,01";"";"";"";"";"";"";"";"";"";"";"";"";"";"";"";"";"";""
"345";"Carnes e derivados";"Carne, bovina, contra-filé, sem gordura, cru";"69,1";"157";"655";"24";"6";"59";"0";"";"1";"4";"21";"0,00001";"184";"1,7";"53";"335";"0,05";"3,2";"0,00001";"0,00001";"0,00001";"0,00001";"0,2";"0,00001";"4,64";"";"2,7";"2,6";"0,1";"";"0,15";"1,48";"0,89";"0,01";"";"";"";"0,22";"2,32";"0,01";"0,09";"";"0,02";"0,01";"";"";"0,08";"0,01";"";"";"";"";"";"";"";"";"";"";"";"";"";"";"";"";"";""
"346";"Carnes e derivados";"Carne, bovina, contra-filé, sem gordura, grelhado";"57,5";"194";"810";"35,9";"4,5";"102";"0";"";"1,3";"5";"21";"0,00001";"241";"2,4";"58";"386";"0,09";"5,1";"0,00001";"0,00001";"0,00001";"0,00001";"0,17";"0,16";"4,93";"";"2";"1,9";"0,1";"";"0,09";"1,12";"0,68";"";"";"0,01";"";"0,16";"1,75";"";"0,07";"0,01";"0,01";"";"";"";"0,04";"";"";"";"";"";"";"";"";"";"";"";"";"";"";"";"";"";"";""
"347";"Carnes e derivados";"Carne, bovina, costela, assada";"43,2";"373";"1561";"28,8";"27,7";"95";"0";"";"1";"28";"20";"0,00001";"179";"2,2";"92";"270";"0,08";"5,5";"0,00001";"0,00001";"0,00001";"0,00001";"0,08";"0,35";"0,56";"";"11,8";"12,1";"0,3";"0,03";"0,89";"6,32";"3,76";"0,03";"";"";"";"1,17";"10,64";"0,08";"0,13";"0,15";"0,03";"";"";"";"0,76";"0,1";"";"";"";"";"";"";"";"";"";"";"";"";"";"";"";"";"";""
"348";"Carnes e derivados";"Carne, bovina, costela, crua";"52,7";"358";"1497";"16,7";"31,8";"44";"0";"";"0,9";"";"12";"0,00001";"130";"1,2";"70";"151";"0,00001";"2,7";"5";"5";"5";"0,12";"0,11";"0,00001";"5,99";"";"14,9";"12,7";"0,3";"0,03";"1,11";"7,76";"5,15";"0,03";"";"";"";"1,31";"11,05";"0,12";"0,15";"0,12";"";"";"";"";"0,76";"0,15";"";"";"";"";"";"";"";"";"";"";"";"";"";"";"";"";"";""
"349";"Carnes e derivados";"Carne, bovina, coxão duro, sem gordura, cozido";"58,5";"217";"906";"31,9";"8,9";"71";"0";"";"0,9";"4";"14";"0,00001";"189";"1,7";"41";"252";"0,07";"5";"2";"2";"2";"0,00001";"0,00001";"0,00001";"3,26";"";"3,5";"4,1";"0,2";"";"0,2";"1,99";"1,14";"0,01";"0,01";"";"";"0,45";"3,59";"0,01";"0,11";"0,02";"0,02";"";"";"";"0,16";"0,08";"";"";"";"";"";"";"";"";"";"";"";"";"";"";"";"";"";""
"350";"Carnes e derivados";"Carne, bovina, coxão duro, sem gordura, cru";"69,8";"148";"619";"21,5";"6,2";"60";"0";"";"1,1";"3";"21";"0,00001";"189";"1,9";"49";"358";"0,05";"2,8";"2";"2";"2";"0,12";"0,2";"0,00001";"4,38";"";"2,9";"2,4";"0,1";"";"0,21";"1,66";"0,98";"0,01";"";"";"";"0,22";"2,12";"";"0,05";"0,01";"0,01";"";"";"";"0,1";"0,04";"";"";"";"";"";"";"";"";"";"";"";"";"";"";"";"";"";""
"351";"Carnes e derivados";"Carne, bovina, coxão mole, sem gordura, cozido";"58";"219";"915";"32,4";"8,9";"84";"0";"";"1,2";"4";"13";"0,00001";"183";"2,6";"44";"239";"0,11";"4,7";"2";"2";"2";"0,00001";"0,00001";"0,00001";"4,09";"";"4,3";"3,4";"0,2";"";"0,26";"2,36";"1,46";"0,01";"";"";"";"0,28";"3,1";"0,01";"0,14";"0,01";"0,02";"";"";"";"0,15";"0,05";"";"";"";"";"";"";"";"";"";"";"";"";"";"";"";"";"";""
"352";"Carnes e derivados";"Carne, bovina, coxão mole, sem gordura, cru";"68,6";"169";"707";"21,2";"8,7";"84";"0";"";"1";"3";"21";"0,00001";"175";"1,9";"61";"335";"0,05";"2,6";"3";"3";"3";"0,12";"0,19";"0,00001";"2,32";"";"3,9";"3,7";"0,1";"";"0,29";"2,34";"1,06";"0,01";"";"";"";"0,45";"3,23";"";"0,08";"0,01";"0,01";"";"";"";"0,12";"0,02";"";"";"";"";"";"";"";"";"";"";"";"";"";"";"";"";"";""
"353";"Carnes e derivados";"Carne, bovina, cupim, assado";"48,4";"330";"1381";"28,6";"23";"91";"0";"";"1";"8";"18";"0,00001";"212";"2,7";"72";"321";"0,08";"5,3";"0,00001";"0,00001";"0,00001";"0,00001";"0,08";"0,14";"2,16";"";"5,5";"5,4";"0,2";"0,02";"0,4";"3,07";"1,65";"0,01";"0,01";"";"";"0,61";"4,71";"0,02";"0,16";"0,03";"0,02";"";"";"";"0,22";"0,01";"";"";"";"";"";"";"";"";"";"";"";"";"";"";"";"";"";""
"354";"Carnes e derivados";"Carne, bovina, cupim, cru";"64,8";"221";"926";"19,5";"15,3";"51";"0";"";"0,9";"4";"13";"0,00001";"220";"1,1";"47";"151";"0,03";"2,4";"3";"3";"3";"0,11";"0,05";"0,03";"3,33";"";"6,8";"6,4";"0,2";"0,01";"0,46";"3,8";"2,06";"0,01";"0,01";"";"";"0,71";"5,56";"0,04";"0,15";"0,06";"";"";"";"";"0,3";"0,03";"";"";"";"";"";"";"";"";"";"";"";"";"";"";"";"";"";""
"355";"Carnes e derivados";"Carne, bovina, fígado, cru";"71,3";"141";"590";"20,7";"5,4";"393";"1,1";"";"1,5";"4";"12";"0,26";"334";"5,6";"76";"265";"9,01";"3,5";"7937";"7937";"7937";"0,14";"0,9";"0,00001";"10,66";"";"2,8";"1,5";"0,1";"0,00001";"0,18";"1,28";"1,44";"0,01";"0,01";"0,00001";"";"0,09";"1,43";"0,01";"0,05";"0,00001";"0,00001";"";"0,00001";"";"0,16";"0,05";"";"";"";"";"";"";"";"";"";"";"";"";"";"";"";"";"";""
"356";"Carnes e derivados";"Carne, bovina, fígado, grelhado";"55";"225";"942";"29,9";"9";"601";"4,2";"";"2";"6";"10";"0,22";"420";"5,8";"82";"309";"12,58";"4";"14574";"14574";"14574";"0,21";"2,69";"0,00001";"11,92";"";"4,7";"2,2";"1,1";"";"0,14";"2,3";"1,86";"0,01";"0,12";"0,02";"";"0,23";"1,89";"";"0,37";"0,1";"0,31";"0,07";"0,16";"0,04";"0,09";"0,02";"";"";"";"";"";"";"";"";"";"";"";"";"";"";"";"";"";""
"357";"Carnes e derivados";"Carne, bovina, filé mingnon, sem gordura, cru";"71,9";"143";"598";"21,6";"5,6";"55";"0";"";"1,1";"3";"21";"0,01";"193";"1,9";"49";"322";"0,08";"2,8";"4";"4";"4";"0,12";"0,1";"0,04";"1,78";"";"2,9";"1,9";"0,2";"";"0,17";"1,44";"1,16";"0,01";"0,01";"";"";"0,15";"1,69";"0,01";"0,11";"0,02";"0,03";"0,01";"";"";"0,1";"0,01";"";"";"";"";"";"";"";"";"";"";"";"";"";"";"";"";"";""
"358";"Carnes e derivados";"Carne, bovina, filé mingnon, sem gordura, grelhado";"57";"220";"919";"32,8";"8,8";"103";"0";"";"1,3";"4";"28";"0,02";"308";"2,9";"58";"326";"0,14";"4,1";"0,00001";"0,00001";"0,00001";"0,03";"0,08";"0,05";"4,27";"";"4,5";"3,1";"0,2";"";"0,25";"2,21";"1,76";"0,01";"";"0,01";"";"0,23";"2,87";"";"0,16";"0,02";"0,02";"";"";"";"0,14";"0,02";"";"";"";"";"";"";"";"";"";"";"";"";"";"";"";"";"";""
"359";"Carnes e derivados";"Carne, bovina, flanco, sem gordura, cozido";"62";"196";"818";"29,4";"7,8";"62";"0";"";"0,9";"4";"14";"0,00001";"181";"2,8";"42";"249";"0,07";"5,6";"2";"2";"2";"0,00001";"0,00001";"0,00001";"2,32";"";"3,9";"2,8";"0,1";"";"0,27";"2,07";"1,4";"0,01";"";"";"";"0,28";"2,49";"0,01";"0,08";"0,01";"";"";"";"";"0,16";"";"";"";"";"";"";"";"";"";"";"";"";"";"";"";"";"";"";""
"360";"Carnes e derivados";"Carne, bovina, flanco, sem gordura, cru";"72,1";"141";"592";"20";"6,2";"50";"0";"";"1";"3";"18";"0,00001";"167";"1,6";"54";"324";"0,05";"4,5";"2";"2";"2";"0,11";"0,16";"0,00001";"3,28";"";"3,1";"2,3";"0,1";"";"0,19";"1,65";"1,13";"0,01";"";"";"";"0,18";"2,09";"";"0,07";"0,01";"0,01";"";"";"";"0,11";"0,02";"";"";"";"";"";"";"";"";"";"";"";"";"";"";"";"";"";""
"361";"Carnes e derivados";"Carne, bovina, fraldinha, com gordura, cozida";"49,7";"338";"1416";"24,2";"26";"65";"0";"";"0,7";"3";"14";"0,00001";"161";"2";"39";"207";"0,07";"6,5";"0,00001";"0,00001";"0,00001";"0,00001";"0,05";"0,07";"1,61";"";"12,1";"10,4";"0,5";"0,02";"0,95";"6,35";"3,98";"0,02";"";"";"";"1,1";"9,07";"0,07";"0,29";"0,12";"0,05";"";"";"";"0,5";"0,05";"";"";"";"";"";"";"";"";"";"";"";"";"";"";"";"";"";""
"362";"Carnes e derivados";"Carne, bovina, fraldinha, com gordura, crua";"65,4";"221";"924";"17,6";"16,1";"54";"0";"";"0,9";"3";"16";"0";"131";"1,5";"51";"274";"0,04";"4,2";"5";"5";"5";"0,08";"0,07";"0,03";"3,56";"";"7,3";"6,5";"0,3";"0,01";"0,59";"3,77";"2,39";"0,01";"";"";"";"0,71";"5,63";"0,06";"0,16";"0,09";"0,01";"";"";"";"0,43";"";"";"";"";"";"";"";"";"";"";"";"";"";"";"";"";"";"";""
"363";"Carnes e derivados";"Carne, bovina, lagarto, cozido";"57,6";"222";"931";"32,9";"9,1";"56";"0";"";"0,9";"4";"13";"0,00001";"167";"1,9";"48";"254";"0,05";"7";"3";"3";"3";"0,00001";"0,00001";"0,00001";"2,55";"";"3,9";"4";"0,2";"";"0,22";"2,22";"1,25";"0,01";"0,02";"";"";"0,42";"3,54";"0,01";"0,12";"0,02";"0,01";"";"";"";"0,15";"0,07";"";"";"";"";"";"";"";"";"";"";"";"";"";"";"";"";"";""
"364";"Carnes e derivados";"Carne, bovina, lagarto, cru";"71";"135";"564";"20,5";"5,2";"56";"0";"";"1,1";"3";"20";"0,00001";"185";"1,3";"54";"362";"0,05";"2,4";"2";"2";"2";"0,1";"0,14";"0,03";"2,19";"";"2,3";"2,3";"0,1";"";"0,14";"1,36";"0,66";"";"0,00001";"";"";"0,25";"1,98";"";"0,06";"0,01";"0,00001";"";"";"";"0,08";"0,00001";"";"";"";"";"";"";"";"";"";"";"";"";"";"";"";"";"";""
"365";"Carnes e derivados";"Carne, bovina, língua, cozida";"53,4";"315";"1318";"21,4";"24,8";"105";"0";"";"0,7";"6";"12";"0,01";"136";"2,1";"59";"175";"0,08";"4,1";"0,00001";"0,00001";"0,00001";"0,00001";"0,08";"0,00001";"1,83";"";"11,2";"10,3";"0,5";"";"0,68";"5,54";"4,2";"0,02";"0,02";"";"";"0,77";"9,31";"";"0,43";"0,09";"0,02";"";"";"";"0,41";"0,02";"";"";"";"";"";"";"";"";"";"";"";"";"";"";"";"";"";""
"366";"Carnes e derivados";"Carne, bovina, língua, crua";"65";"215";"901";"17,1";"15,8";"118";"0";"";"0,8";"5";"15";"0,02";"164";"1,7";"73";"251";"0,09";"2,9";"0,00001";"0,00001";"0,00001";"0,05";"0,04";"0,00001";"1,18";"";"6,8";"6,8";"0,3";"0,01";"0,41";"3,4";"2,63";"0,01";"";"";"";"0,48";"6,11";"0,06";"0,26";"0,04";"0,01";"";"0,01";"";"0,29";"0,01";"";"";"";"";"";"";"";"";"";"";"";"";"";"";"";"";"";""
"367";"Carnes e derivados";"Carne, bovina, maminha, crua";"70";"153";"639";"20,9";"7";"51";"0";"";"1";"3";"16";"0,00001";"181";"1,1";"37";"274";"0,03";"3,5";"3";"3";"3";"0,12";"0,08";"0,03";"4,27";"";"3,1";"3,1";"0,1";"0,01";"0,21";"1,71";"0,93";"0,01";"";"";"";"0,32";"2,7";"0,01";"0,09";"0,01";"0,01";"";"";"";"0,08";"0,01";"";"";"";"";"";"";"";"";"";"";"";"";"";"";"";"";"";""
"368";"Carnes e derivados";"Carne, bovina, maminha, grelhada";"65,3";"153";"641";"30,7";"2,4";"88";"0";"";"1,4";"4";"21";"0,00001";"237";"2,4";"58";"386";"0,08";"5,6";"0,00001";"0,00001";"0,00001";"0,00001";"0,04";"0,13";"1,46";"";"9,7";"7,7";"0,2";"0,02";"0,63";"4,96";"3,49";"0,04";"0,02";"";"";"0,77";"6,79";"0,04";"0,19";"0,04";"0,02";"";"";"";"0,42";"0,06";"";"";"";"";"";"";"";"";"";"";"";"";"";"";"";"";"";""
"369";"Carnes e derivados";"Carne, bovina, miolo de alcatra, sem gordura, cru";"69,5";"163";"681";"21,6";"7,8";"60";"0";"";"1";"3";"20";"0,01";"165";"2";"43";"299";"0,06";"3";"4";"4";"4";"0,12";"0,07";"0,00001";"3,59";"";"3,4";"3,3";"0,1";"";"0,2";"1,79";"1,1";"0,01";"0,01";"";"";"0,36";"2,85";"0,02";"";"0,04";"0,03";"0,01";"";"";"0,16";"0,01";"";"";"";"";"";"";"";"";"";"";"";"";"";"";"";"";"";""
"370";"Carnes e derivados";"Carne, bovina, miolo de alcatra, sem gordura, grelhado";"52,4";"241";"1010";"31,9";"11,6";"92";"0";"";"1,2";"5";"26";"0,02";"279";"3,2";"52";"385";"0,11";"4,8";"0,00001";"0,00001";"0,00001";"0,03";"0,05";"0,05";"4,66";"";"5,1";"4,9";"0,3";"";"0,32";"2,82";"1,61";"0,01";"0,01";"";"";"0,52";"4,28";"0,03";"0,16";"0,04";"0,04";"0,01";"";"";"0,21";"0,01";"";"";"";"";"";"";"";"";"";"";"";"";"";"";"";"";"";""
"371";"Carnes e derivados";"Carne, bovina, músculo, sem gordura, cozido";"62,8";"194";"811";"31,2";"6,7";"56";"0";"";"0,9";"5";"13";"0,00001";"176";"2,4";"62";"253";"0,08";"6,4";"2";"2";"2";"0,00001";"0,00001";"0,00001";"1,97";"";"2,9";"2,8";"0,1";"";"0,13";"1,64";"0,99";"0,01";"0,01";"0,01";"";"0,26";"2,48";"0,01";"0,09";"0,03";"0,01";"";"";"";"0,13";"0,05";"";"";"";"";"";"";"";"";"";"";"";"";"";"";"";"";"";""
"372";"Carnes e derivados";"Carne, bovina, músculo, sem gordura, cru";"72,4";"142";"592";"21,6";"5,5";"51";"0";"";"1";"4";"17";"0,00001";"162";"1,9";"66";"296";"0,05";"3,7";"2";"2";"2";"0,09";"0,19";"0,04";"2,79";"";"2,2";"2,6";"0,1";"";"0,12";"1,27";"0,71";"0,01";"0,01";"";"";"0,21";"2,35";"0,01";"0,07";"0,01";"0,01";"";"";"";"0,08";"0,02";"";"";"";"";"";"";"";"";"";"";"";"";"";"";"";"";"";""
"373";"Carnes e derivados";"Carne, bovina, paleta, com gordura, crua";"70,6";"159";"664";"21,4";"7,5";"58";"0";"";"0,9";"4";"14";"0,00001";"158";"1,8";"65";"250";"0,08";"3,7";"0,00001";"0,00001";"0,00001";"0,00001";"0,04";"";"0,91";"";"3,5";"2,9";"0,2";"0,01";"0,19";"1,72";"1,38";"0,01";"";"";"";"0,24";"2,6";"0,02";"0,12";"0,01";"0,01";"";"";"";"0,2";"0,01";"";"";"";"";"";"";"";"";"";"";"";"";"";"";"";"";"";""
"374";"Carnes e derivados";"Carne, bovina, paleta, sem gordura, cozida";"62,9";"194";"810";"29,7";"7,4";"56";"0";"";"0,8";"6";"18";"0,00001";"197";"2,2";"58";"250";"0,1";"6,8";"0,00001";"0,00001";"0,00001";"0,03";"0,04";"0,00001";"2,16";"";"3,4";"3";"0,2";"0,01";"0,18";"1,68";"1,31";"0,01";"0,01";"0,01";"";"0,23";"2,69";"0,02";"0,16";"0,01";"0,01";"";"";"";"0,15";"0,01";"";"";"";"";"";"";"";"";"";"";"";"";"";"";"";"";"";""
"375";"Carnes e derivados";"Carne, bovina, paleta, sem gordura, crua";"72,1";"141";"590";"21";"5,7";"42";"0";"";"1";"4";"18";"0,00001";"163";"1,9";"66";"319";"0,05";"3,3";"3";"3";"3";"0,13";"0,21";"0,00001";"2,67";"";"2,7";"2,1";"0,1";"0,01";"0,15";"1,33";"1,11";"0,01";"";"";"";"0,16";"1,9";"0,01";"0,11";"";"0,01";"";"";"";"0,15";"0,03";"";"";"";"";"";"";"";"";"";"";"";"";"";"";"";"";"";""
"376";"Carnes e derivados";"Carne, bovina, patinho, sem gordura, cru";"72,9";"133";"558";"21,7";"4,5";"56";"0";"";"1";"3";"20";"0,01";"170";"1,8";"49";"318";"0,05";"4,5";"2";"2";"2";"0,11";"0,08";"0,00001";"3,61";"";"2";"1,9";"0,2";"";"0,11";"1,08";"0,66";"";"0,01";"";"";"0,17";"1,65";"0,01";"0,1";"0,02";"0,03";"";"";"";"0,07";"0,01";"";"";"";"";"";"";"";"";"";"";"";"";"";"";"";"";"";""
"377";"Carnes e derivados";"Carne, bovina, patinho, sem gordura, grelhado";"55,2";"219";"917";"35,9";"7,3";"126";"0";"";"1,3";"5";"27";"0,02";"289";"3";"60";"421";"0,12";"8,1";"0,00001";"0,00001";"0,00001";"0,04";"0,03";"0,00001";"3,01";"";"3,1";"3,1";"0,3";"0,01";"0,15";"1,59";"1,13";"0,01";"0,01";"0,01";"";"0,25";"2,81";"0,04";"0,17";"0,03";"0,05";"0,01";"0,03";"";"0,11";"0,01";"";"";"";"";"";"";"";"";"";"";"";"";"";"";"";"";"";""
"378";"Carnes e derivados";"Carne, bovina, peito, sem gordura, cozido";"51,2";"338";"1416";"22,2";"27";"100";"0";"";"0,7";"4";"14";"0,00001";"136";"1,6";"56";"204";"0,05";"3,9";"0,00001";"0,00001";"0,00001";"0,00001";"0,3";"0,00001";"4,54";"";"11,7";"11,5";"0,4";"0,02";"0,86";"6,1";"4,08";"0,02";"";"";"";"1,09";"10,21";"0,07";"0,32";"0,1";"0,02";"";"";"";"0,67";"0,05";"";"";"";"";"";"";"";"";"";"";"";"";"";"";"";"";"";""
"379";"Carnes e derivados";"Carne, bovina, peito, sem gordura, cru";"61,5";"259";"1085";"17,6";"20,4";"59";"0";"";"0,9";"4";"15";"0,00001";"124";"1,3";"64";"241";"0,06";"2,6";"4";"4";"4";"0,11";"0,07";"0,03";"3,91";"";"8,2";"9,2";"0,5";"";"0,56";"4,4";"2,62";"0,02";"";"";"";"0,95";"8,03";"0,04";"0,26";"0,15";"0,02";"";"";"";"0,54";"0,04";"";"";"";"";"";"";"";"";"";"";"";"";"";"";"";"";"";""
"380";"Carnes e derivados";"Carne, bovina, picanha, com gordura, crua";"65,6";"213";"891";"18,8";"14,7";"60";"0";"";"0,9";"2";"14";"0,00001";"165";"1,7";"38";"232";"0,06";"3,8";"3";"3";"3";"0,13";"0,16";"0,00001";"4,77";"";"6,1";"6,7";"0,3";"";"0,42";"3,46";"1,83";"0,01";"0,01";"";"";"0,73";"5,86";"0,01";"0,22";"0,05";"0,03";"";"";"";"0,22";"0,03";"";"";"";"";"";"";"";"";"";"";"";"";"";"";"";"";"";""
"381";"Carnes e derivados";"Carne, bovina, picanha, com gordura, grelhada";"53,4";"289";"1208";"26,4";"19,5";"92";"0";"";"1,1";"4";"24";"0,00001";"246";"3,2";"60";"355";"0,14";"5,5";"0,00001";"0,00001";"0,00001";"0,03";"0,06";"0,13";"1,6";"";"7,9";"9,2";"0,4";"";"0,59";"4,59";"2,15";"0,02";"0,02";"";"";"1,01";"8,04";"0,03";"0,25";"0,07";"0,05";"0,02";"";"";"0,23";"0,04";"";"";"";"";"";"";"";"";"";"";"";"";"";"";"";"";"";""
"382";"Carnes e derivados";"Carne, bovina, picanha, sem gordura, crua";"72,4";"134";"559";"21,3";"4,7";"75";"0";"";"1";"3";"20";"0,00001";"183";"2,1";"61";"322";"0,08";"4,2";"0,00001";"0,00001";"0,00001";"0,00001";"0,05";"0,00001";"1,89";"";"2";"2,1";"0,1";"0,00001";"0,15";"1,18";"0,61";"0,00001";"0,00001";"0,00001";"";"0,22";"1,83";"0,01";"0,08";"0,00001";"0,01";"";"";"";"0,04";"0,00001";"";"";"";"";"";"";"";"";"";"";"";"";"";"";"";"";"";""
"383";"Carnes e derivados";"Carne, bovina, picanha, sem gordura, grelhada";"54,6";"238";"998";"31,9";"11,3";"100";"0";"";"1,2";"4";"25";"0,02";"282";"3,6";"61";"377";"0,17";"6,7";"0,00001";"0,00001";"0,00001";"0,00001";"0,08";"0,03";"1,82";"";"4,5";"5,2";"0,3";"0,01";"0,32";"2,48";"1,36";"0,01";"0,01";"0,01";"";"0,51";"4,64";"";"0,22";"";"0,04";"";"";"";"0,11";"0,02";"";"";"";"";"";"";"";"";"";"";"";"";"";"";"";"";"";""
"384";"Carnes e derivados";"Carne, bovina, seca, cozida";"47,2";"313";"1309";"26,9";"21,9";"100";"0";"";"4,7";"13";"12";"0,02";"82";"1,9";"1943";"86";"0,03";"7,7";"0,00001";"0,00001";"0,00001";"0,00001";"0,06";"0,00001";"2,32";"";"10,5";"8,3";"0,4";"0,03";"0,68";"5,11";"4,42";"0,04";"";"";"0,12";"0,59";"7,52";"0,03";"0,24";"0,08";"0,05";"";"0,05";"";"0,71";"0,22";"";"";"";"";"";"";"";"";"";"";"";"";"";"";"";"";"";""
"385";"Carnes e derivados";"Carne, bovina, seca, crua";"39,2";"313";"1309";"19,7";"25,4";"92";"0";"";"15,3";"14";"12";"0,01";"100";"1,3";"4440";"190";"0,00001";"3,7";"0,00001";"0,00001";"0,00001";"0,00001";"0,07";"0,00001";"2,83";"";"8,7";"7,5";"0,3";"0,02";"0,7";"4,45";"3,05";"0,03";"";"";"0,18";"0,4";"6,76";"0,04";"0,18";"0,1";"0,03";"";"0,05";"";"0,59";"0,07";"";"";"";"";"";"";"";"";"";"";"";"";"";"";"";"";"";""
"386";"Carnes e derivados";"Coxinha de frango, frita";"42,2";"283";"1184";"9,6";"11,8";"15";"34,5";"5";"1,8";"18";"17";"0,28";"93";"1,3";"532";"166";"0,09";"0,5";"0,00001";"";"";"0,09";"0,00001";"0,00001";"2,6";"0,00001";"2,6";"3,4";"4,7";"0,01";"0,03";"1,76";"0,65";"0,05";"0,06";"0,02";"";"0,02";"3,32";"0,07";"4,33";"0,32";"0,01";"";"";"";"0,45";"0,13";"";"";"";"";"";"";"";"";"";"";"";"";"";"";"";"";"";""
"387";"Carnes e derivados";"Croquete, de carne, cru";"56";"246";"1028";"12";"15,6";"30";"13,9";"";"2,5";"15";"24";"0,34";"144";"2,5";"711";"221";"0,1";"2,7";"0,00001";"";"";"0,11";"0,04";"0,00001";"1,95";"0,00001";"";"";"";"";"";"";"";"";"";"";"";"";"";"";"";"";"";"";"";"";"";"";"";"";"";"";"";"";"";"";"";"";"";"";"";"";"";"";"";""
"388";"Carnes e derivados";"Croquete, de carne, frito";"39,2";"347";"1451";"16,9";"22,7";"38";"18,1";"";"3,1";"18";"30";"0,39";"176";"2,3";"916";"313";"0,09";"3,3";"0,00001";"";"";"0,14";"0,04";"0,00001";"4,77";"0,00001";"5,1";"7,4";"11,5";"";"0,13";"3,13";"1,51";"0,08";"0,1";"0,04";"";"0,16";"7,1";"0,07";"10,47";"1,04";"";"";"";"";"0,27";"";"";"";"";"";"";"";"";"";"";"";"";"";"";"";"";"";"";""
"389";"Carnes e derivados";"Empada de frango, pré-cozida, assada";"28,2";"358";"1499";"6,9";"15,6";"23";"47,5";"2,2";"1,8";"16";"18";"0,32";"78";"1,2";"525";"138";"0,07";"0,6";"0,00001";"";"";"0,12";"0,00001";"0,00001";"0,00001";"";"";"";"";"";"";"";"";"";"";"";"";"";"";"";"";"";"";"";"";"";"";"";"";"";"";"";"";"";"";"";"";"";"";"";"";"";"";"";"";""
"390";"Carnes e derivados";"Empada, de frango, pré-cozida";"32";"377";"1579";"7,3";"22,9";"23";"35,5";"2,2";"2,2";"14";"17";"0,25";"78";"0,7";"771";"156";"0,09";"0,5";"0,00001";"";"";"0,11";"0,00001";"0,03";"0,00001";"";"5,4";"5,2";"1,4";"";"0,03";"2,62";"2,56";"0,08";"0,08";"0,03";"";"0,04";"5,12";"0,03";"1,22";"0,07";"";"";"";"";"6,21";"0,96";"";"";"";"";"";"";"";"";"";"";"";"";"";"";"";"";"";""
"391";"Carnes e derivados";"Frango, asa, com pele, crua";"67,5";"213";"892";"18,1";"15,1";"113";"0";"";"0,7";"11";"23";"0,01";"155";"0,6";"96";"211";"0,02";"1,2";"10";"10";"10";"0,11";"0,04";"0,00001";"2,58";"";"4,4";"6,6";"3";"";"0,09";"3,36";"0,93";"";"0,03";"";"";"0,8";"5,75";"";"2,96";"0,01";"0,06";"";"";"";"0,03";"0,01";"";"";"";"";"";"";"";"";"";"";"";"";"";"";"";"";"";""
"392";"Carnes e derivados";"Frango, caipira, inteiro, com pele, cozido";"59,7";"243";"1016";"23,9";"15,6";"110";"0";"";"0,8";"17";"18";"0,01";"162";"1,7";"56";"210";"0,08";"1,7";"16";"16";"16";"0,03";"0,00001";"0,00001";"6,33";"";"4,4";"7,5";"2,3";"";"0,09";"3,23";"1";"0,01";"0,00001";"";"";"0,69";"6,73";"0,03";"2,18";"0,09";"0,00001";"";"0,00001";"0,00001";"0,03";"0,01";"";"";"";"";"";"";"";"";"";"";"";"";"";"";"";"";"";""
"393";"Carnes e derivados";"Frango, caipira, inteiro, sem pele, cozido";"61,4";"196";"819";"29,6";"7,7";"106";"0";"";"1,1";"66";"23";"0,02";"210";"2,1";"53";"224";"0,15";"2,7";"6";"6";"6";"0,03";"0,03";"0,00001";"9,2";"";"2,2";"3,4";"1,2";"";"0,04";"1,57";"0,59";"0,01";"0,00001";"0,00001";"";"0,26";"3,14";"0,02";"1,16";"0,04";"0,00001";"";"0,00001";"0,00001";"0,01";"";"";"";"";"";"";"";"";"";"";"";"";"";"";"";"";"";"";""
"394";"Carnes e derivados";"Frango, coração, cru";"69,1";"222";"927";"12,6";"18,6";"159";"0";"";"0,8";"6";"20";"0,05";"193";"4,1";"95";"220";"0,2";"2";"9";"9";"9";"0,23";"0,35";"0,00001";"3,39";"";"4,9";"6,3";"3,4";"";"0,12";"3,49";"1,16";"0,01";"0,01";"";"";"0,66";"5,56";"0,06";"3,15";"0,13";"0,09";"";"";"";"0,09";"";"";"";"";"";"";"";"";"";"";"";"";"";"";"";"";"";"";""
"395";"Carnes e derivados";"Frango, coração, grelhado";"63,5";"207";"867";"22,4";"12,1";"280";"0,6";"";"1,3";"8";"20";"0,06";"276";"6,5";"128";"243";"0,3";"3,4";"0,00001";"0,00001";"0,00001";"0,2";"0,19";"0,00001";"9,7";"";"3,5";"4,3";"1,6";"";"0,06";"2,33";"1,03";"0,02";"0,02";"0,01";"0,01";"0,37";"0,08";"0,04";"1,41";"0,04";"0,08";"";"0,01";"";"0,08";"0,02";"";"";"";"";"";"";"";"";"";"";"";"";"";"";"";"";"";""
"396";"Carnes e derivados";"Frango, coxa, com pele, assada";"59,8";"215";"900";"28,5";"10,4";"145";"0,1";"";"1,3";"8";"14";"0,00001";"251";"1,2";"95";"318";"0,05";"2,6";"6";"6";"6";"0,05";"0,05";"0,00001";"10,4";"";"3,1";"3,8";"2,2";"";"0,06";"2,28";"0,76";"0,02";"0,00001";"";"0,01";"0,38";"3,35";"0,02";"2,11";"0,09";"0,00001";"0,00001";"";"";"0,12";"0,02";"";"";"";"";"";"";"";"";"";"";"";"";"";"";"";"";"";""
"397";"Carnes e derivados";"Frango, coxa, com pele, crua";"72,9";"161";"676";"17,1";"9,8";"97";"0";"";"0,8";"8";"26";"0,02";"185";"0,7";"95";"275";"0,03";"2";"10";"10";"10";"0,16";"0,05";"0,00001";"2,04";"";"3";"4,1";"2,2";"";"0,05";"2,24";"0,68";"0,01";"0,02";"";"";"0,45";"3,61";"0,02";"2";"0,09";"0,05";"";"";"";"0,04";"";"";"";"";"";"";"";"";"";"";"";"";"";"";"";"";"";"";""
"398";"Carnes e derivados";"Frango, coxa, sem pele, cozida";"66,7";"167";"701";"26,9";"5,8";"133";"0";"";"0,9";"12";"11";"0,00001";"187";"0,8";"64";"191";"0,03";"2,8";"0,00001";"0,00001";"0,00001";"0,07";"0,00001";"0,00001";"8,2";"";"2";"2,1";"1,1";"";"0,12";"1,31";"0,5";"0,01";"0,00001";"";"0,01";"0,2";"1,84";"0,01";"1,1";"0,05";"0,00001";"0,00001";"";"";"";"";"";"";"";"";"";"";"";"";"";"";"";"";"";"";"";"";"";""
"399";"Carnes e derivados";"Frango, coxa, sem pele, crua";"76,4";"120";"502";"17,8";"4,9";"91";"0";"";"0,9";"8";"27";"0,02";"196";"0,8";"98";"291";"0,03";"2,2";"12";"12";"12";"0,17";"0,05";"0,00001";"3,53";"";"1,6";"2,1";"0,8";"";"0,03";"1,19";"0,4";"0,00001";"0,01";"";"";"0,24";"1,82";"0,01";"0,8";"0,02";"0,03";"";"";"";"0,01";"";"";"";"";"";"";"";"";"";"";"";"";"";"";"";"";"";"";""
"400";"Carnes e derivados";"Frango, fígado, cru";"77,8";"106";"446";"17,6";"3,5";"341";"0";"";"1,2";"6";"28";"0,35";"344";"9,5";"82";"281";"0,26";"3,7";"3863";"3863";"3863";"0,62";"0,56";"0,00001";"6,36";"";"1,3";"0,7";"0,6";"0,00001";"0,02";"0,69";"0,58";"0,01";"0,01";"0,01";"";"0,05";"0,58";"0,01";"0,38";"0,01";"0,13";"";"0,03";"0,02";"0,01";"";"";"";"";"";"";"";"";"";"";"";"";"";"";"";"";"";"";""
"401";"Carnes e derivados";"Frango, filé, à milanesa";"54,9";"221";"924";"28,5";"7,8";"84";"7,5";"1,1";"1,3";"9";"35";"0,06";"249";"1,1";"122";"408";"0,05";"0,8";"7";"7";"7";"0,05";"0,04";"0,52";"11,07";"";"1,6";"2,4";"3,3";"";"0,02";"1,09";"0,44";"0,03";"0,04";"0,02";"";"0,05";"2,24";"0,03";"3,01";"0,23";"0,04";"0,02";"";"";"0,02";"0,02";"";"";"";"";"";"";"";"";"";"";"";"";"";"";"";"";"";""
"402";"Carnes e derivados";"Frango, inteiro, com pele, cru";"66,5";"226";"947";"16,4";"17,3";"85";"0";"";"0,7";"6";"24";"0,01";"174";"0,6";"63";"217";"0,04";"1,1";"7";"7";"7";"0,08";"0,03";"0,00001";"3,28";"";"5,2";"7,2";"3,9";"";"0,11";"3,94";"1,01";"0,02";"0,03";"";"";"0,88";"6,31";"0,03";"3,57";"0,2";"0,07";"";"";"";"0,07";"";"";"";"";"";"";"";"";"";"";"";"";"";"";"";"";"";"";""
"403";"Carnes e derivados";"Frango, inteiro, sem pele, assado";"63,2";"187";"784";"28";"7,5";"111";"0";"";"1,2";"9";"14";"0,00001";"233";"0,6";"70";"283";"0,03";"1,6";"0,00001";"0,00001";"0,00001";"0,09";"0,00001";"0,00001";"11,2";"";"2,1";"2,6";"1,8";"";"0,04";"1,48";"0,57";"0,01";"0,00001";"0,00001";"0,01";"0,19";"2,36";"0,02";"1,73";"0,09";"0,00001";"0,00001";"";"";"0,1";"0,02";"";"";"";"";"";"";"";"";"";"";"";"";"";"";"";"";"";""
"404";"Carnes e derivados";"Frango, inteiro, sem pele, cozido";"67,5";"170";"713";"25";"7,1";"99";"0";"";"0,9";"8";"12";"0,00001";"194";"0,5";"51";"217";"0,04";"1,2";"0,00001";"0,00001";"0,00001";"0,1";"0,00001";"0,00001";"12,83";"";"2,2";"2,5";"1,5";"";"0,04";"1,58";"0,55";"0,01";"0,00001";"";"0,01";"0,23";"2,26";"0,02";"1,42";"0,07";"0,00001";"0,00001";"";"";"0,09";"0,02";"";"";"";"";"";"";"";"";"";"";"";"";"";"";"";"";"";""
"405";"Carnes e derivados";"Frango, inteiro, sem pele, cru";"74,9";"129";"540";"20,6";"4,6";"78";"0";"";"0,9";"7";"27";"0,01";"190";"0,5";"73";"238";"0,03";"1,2";"4";"4";"4";"0,12";"0,03";"0,00001";"3,28";"";"1,4";"1,9";"1";"";"0,03";"1,04";"0,31";"0,00001";"0,01";"";"";"0,23";"1,63";"0,01";"0,92";"0,04";"0,05";"";"";"";"0,01";"";"";"";"";"";"";"";"";"";"";"";"";"";"";"";"";"";"";""
"406";"Carnes e derivados";"Frango, peito, com pele, assado";"58,5";"212";"886";"33,4";"7,6";"109";"0";"";"1,5";"8";"18";"0,01";"297";"0,5";"56";"380";"0,01";"1";"6";"6";"6";"0,12";"0,00001";"0,00001";"15,8";"";"2,2";"2,7";"1,8";"";"0,04";"1,53";"0,56";"0,01";"0,00001";"0,00001";"0,01";"0,22";"2,45";"0,02";"1,7";"0,1";"0,00001";"0,00001";"0,00001";"";"0,1";"0,02";"";"";"";"";"";"";"";"";"";"";"";"";"";"";"";"";"";""
"407";"Carnes e derivados";"Frango, peito, com pele, cru";"71,9";"149";"625";"20,8";"6,7";"80";"0";"";"0,9";"8";"28";"0,01";"213";"0,4";"62";"252";"0,05";"0,6";"4";"4";"4";"0,09";"0,00001";"0,00001";"2,58";"";"2,2";"3,2";"0,9";"";"0,06";"1,66";"0,46";"0,01";"0,01";"";"";"0,44";"2,75";"0,03";"0,8";"0,03";"0,03";"";"";"";"0,03";"";"";"";"";"";"";"";"";"";"";"";"";"";"";"";"";"";"";""
"408";"Carnes e derivados";"Frango, peito, sem pele, cozido";"65,6";"163";"681";"31,5";"3,2";"89";"0";"";"1";"6";"14";"0,00001";"224";"0,3";"36";"231";"0,02";"0,9";"0,00001";"0,00001";"0,00001";"0,1";"0,00001";"0,00001";"7,6";"";"1,1";"1,1";"0,6";"";"0,02";"0,74";"0,33";"0,01";"0,00001";"0,00001";"";"0,07";"0,98";"0,01";"0,53";"0,02";"0,00001";"0,00001";"";"";"0,04";"0,01";"";"";"";"";"";"";"";"";"";"";"";"";"";"";"";"";"";""
"409";"Carnes e derivados";"Frango, peito, sem pele, cru";"74,8";"119";"499";"21,5";"3";"59";"0";"";"1";"7";"31";"0,01";"222";"0,4";"56";"267";"0,03";"0,7";"2";"2";"2";"0,1";"0,00001";"0,00001";"5,86";"";"1,1";"1,3";"0,00001";"";"0,03";"0,79";"0,25";"0,00001";"0,01";"";"";"0,16";"1,16";"0,01";"0,00001";"0,01";"0,02";"";"";"";"0,01";"";"";"";"";"";"";"";"";"";"";"";"";"";"";"";"";"";"";""
"410";"Carnes e derivados";"Frango, peito, sem pele, grelhado";"63,8";"159";"666";"32";"2,5";"89";"0";"";"1,4";"5";"18";"0,00001";"295";"0,3";"50";"387";"0,02";"0,8";"0,00001";"0,00001";"0,00001";"0,11";"0,00001";"0,00001";"24,83";"";"0,9";"0,9";"0,3";"";"0,02";"0,65";"0,27";"0,00001";"0,00001";"0,00001";"";"0,07";"0,8";"0,01";"0,31";"0,01";"0,00001";"0,00001";"";"";"0,04";"0,00001";"";"";"";"";"";"";"";"";"";"";"";"";"";"";"";"";"";""
"411";"Carnes e derivados";"Frango, sobrecoxa, com pele, assada";"55";"260";"1086";"28,7";"15,2";"158";"0";"";"1,3";"11";"15";"0,00001";"252";"1,2";"96";"323";"0,06";"2,2";"8";"8";"8";"0,1";"0,05";"0,00001";"11,2";"";"4,2";"5,4";"3,9";"";"0,07";"3,08";"1,02";"0,01";"0,00001";"";"0,02";"0,5";"4,8";"0,04";"3,64";"0,21";"0,00001";"0,00001";"";"";"0,19";"0,04";"";"";"";"";"";"";"";"";"";"";"";"";"";"";"";"";"";""
"412";"Carnes e derivados";"Frango, sobrecoxa, com pele, crua";"63,6";"255";"1065";"15,5";"20,9";"88";"0";"";"0,8";"7";"22";"0,01";"154";"0,7";"68";"190";"0,05";"1,3";"7";"7";"7";"0,09";"0,06";"0,00001";"3,4";"";"6,5";"9,6";"3,6";"";"0,12";"4,96";"1,31";"0,02";"0,02";"";"";"1,13";"8,44";"0,02";"3,41";"0,12";"0,08";"";"";"";"0,06";"";"";"";"";"";"";"";"";"";"";"";"";"";"";"";"";"";"";""
"413";"Carnes e derivados";"Frango, sobrecoxa, sem pele, assada";"55,6";"233";"974";"29,2";"12";"145";"0";"";"1,5";"12";"17";"0,00001";"281";"1,2";"106";"382";"0,07";"2,2";"11";"11";"11";"0,1";"0,05";"0,00001";"10,2";"";"3,3";"4,2";"3,1";"";"0,06";"2,41";"0,82";"0,01";"0,00001";"";"0,01";"0,42";"3,76";"0,03";"2,86";"0,17";"0,00001";"0,00001";"";"";"0,14";"0,04";"";"";"";"";"";"";"";"";"";"";"";"";"";"";"";"";"";""
"414";"Carnes e derivados";"Frango, sobrecoxa, sem pele, crua";"72,7";"162";"677";"17,6";"9,6";"84";"0";"";"0,9";"6";"26";"0,02";"187";"0,9";"80";"241";"0,06";"1,7";"4";"4";"4";"0,12";"0,06";"0,00001";"4,06";"";"3";"4,5";"1,6";"";"0,06";"2,3";"0,61";"0,01";"0,02";"";"";"0,57";"3,87";"0,02";"1,45";"0,04";"0,05";"";"";"";"0,03";"";"";"";"";"";"";"";"";"";"";"";"";"";"";"";"";"";"";""
"415";"Carnes e derivados";"Hambúrguer, bovino, cru";"63,6";"215";"899";"13,2";"16,2";"70";"4,2";"";"2,9";"34";"25";"0,36";"141";"1,9";"869";"383";"0,16";"1,7";"0,00001";"";"";"0,06";"0,08";"0,04";"3,53";"";"5,7";"5,8";"0,8";"0,02";"0,39";"3,06";"1,97";"0,02";"";"";"0,12";"0,58";"4,96";"0,03";"0,68";"0,08";"0,03";"";"";"0,01";"0,81";"0,19";"";"";"";"";"";"";"";"";"";"";"";"";"";"";"";"";"";""
"416";"Carnes e derivados";"Hambúrguer, bovino, frito";"52,5";"258";"1081";"20";"17";"49";"6,3";"";"4,2";"62";"60";"0,52";"324";"3";"1252";"660";"0,17";"3,2";"0,00001";"";"";"0,13";"0,06";"0,00001";"2,73";"";"5,9";"6";"3,7";"";"0,29";"3,18";"2,19";"0,03";"0,03";"0,02";"0,07";"0,41";"5,37";"0,07";"3,28";"0,29";"0,03";"";"0,02";"";"0,33";"0,11";"";"";"";"";"";"";"";"";"";"";"";"";"";"";"";"";"";""
"417";"Carnes e derivados";"Hambúrguer, bovino, grelhado";"59,2";"210";"878";"13,2";"12,4";"59";"11,3";"";"3,9";"56";"48";"0,4";"263";"2,6";"1090";"538";"0,18";"3";"0,00001";"";"";"0,18";"0,06";"0,00001";"5,77";"";"5,1";"4,8";"1,2";"";"0,26";"2,72";"2,01";"0,02";"0,01";"";"0,05";"0,42";"4,25";"0,02";"1,08";"0,1";"0,04";"0,02";"";"";"0,3";"0,06";"";"";"";"";"";"";"";"";"";"";"";"";"";"";"";"";"";""
"418";"Carnes e derivados";"Lingüiça, frango, crua";"64,8";"218";"913";"14,2";"17,4";"64";"0";"";"3,3";"11";"19";"0,05";"182";"0,5";"1126";"280";"0,05";"0,7";"0,00001";"";"";"0,11";"0,05";"0,00001";"4,6";"";"5,2";"7,3";"3,5";"0,01";"0,16";"3,59";"1,35";"0,02";"";"";"0,01";"0,52";"6,7";"0,08";"3,08";"0,17";"";"";"";"";"0,04";"";"";"";"";"";"";"";"";"";"";"";"";"";"";"";"";"";"";""
"419";"Carnes e derivados";"Lingüiça, frango, frita";"59,6";"245";"1027";"18,3";"18,5";"76";"0";"";"3,8";"15";"29";"0,1";"262";"0,8";"1374";"364";"0,04";"1,2";"0,00001";"";"";"0,11";"0,05";"0,00001";"5,67";"";"5";"7,2";"4,3";"";"0,14";"3,46";"1,33";"0,03";"";"";"";"0,45";"6,6";"0,1";"3,85";"0,25";"0,09";"";"";"";"0,04";"";"";"";"";"";"";"";"";"";"";"";"";"";"";"";"";"";"";""
"420";"Carnes e derivados";"Lingüiça, frango, grelhada";"58,6";"244";"1019";"18,2";"18,4";"80";"0";"";"3,8";"14";"21";"0,1";"228";"0,7";"1351";"356";"0,09";"1";"0,00001";"";"";"0,12";"0,04";"0,00001";"5,97";"";"4,7";"6,8";"3,4";"";"0,14";"3,26";"1,26";"0,02";"";"";"";"0,44";"6,2";"0,09";"3";"0,17";"0,09";"";"";"";"0,04";"";"";"";"";"";"";"";"";"";"";"";"";"";"";"";"";"";"";""
"421";"Carnes e derivados";"Lingüiça, porco, crua";"62,5";"227";"951";"16,1";"17,6";"53";"0";"";"3,2";"6";"14";"0,01";"157";"0,4";"1176";"316";"0,04";"1,4";"0,00001";"";"";"0,49";"0,05";"0,00001";"2,6";"";"4";"5";"1,7";"0,01";"0,15";"2,52";"1,24";"0,02";"";"";"";"0,25";"4,66";"0,08";"1,48";"0,05";"0,06";"";"";"";"0,03";"";"";"";"";"";"";"";"";"";"";"";"";"";"";"";"";"";"";""
"422";"Carnes e derivados";"Lingüiça, porco, frita";"54,6";"280";"1170";"20,5";"21,3";"75";"0";"";"3,9";"8";"18";"0,01";"211";"0,9";"1432";"409";"0,06";"3,1";"0,00001";"";"";"0,41";"0,07";"0,00001";"5,83";"";"6,5";"8,2";"2,7";"";"0,25";"4,17";"2,01";"0,03";"";"";"";"0,29";"7,66";"0,13";"2,43";"0,11";"0,09";"";"";"";"0,03";"";"";"";"";"";"";"";"";"";"";"";"";"";"";"";"";"";"";""
"423";"Carnes e derivados";"Lingüiça, porco, grelhada";"50,5";"296";"1241";"23,2";"21,9";"82";"0";"";"4";"8";"19";"0,01";"210";"1";"1456";"427";"0,07";"3,5";"0,00001";"";"";"0,4";"0,07";"0,00001";"6,6";"";"7";"8,7";"2,6";"";"0,27";"4,47";"2,17";"0,03";"";"";"";"0,44";"8,07";"0,13";"2,35";"0,1";"0,1";"";"";"";"0,03";"";"";"";"";"";"";"";"";"";"";"";"";"";"";"";"";"";"";""
"424";"Carnes e derivados";"Mortadela";"56,4";"269";"1125";"12";"21,6";"83";"5,8";"";"4,1";"67";"19";"0,11";"216";"1,5";"1212";"247";"0,08";"1";"25";"";"";"0,14";"0,06";"0,00001";"3";"";"6,1";"8,1";"4,7";"";"0,17";"4,15";"1,74";"";"";"";"";"0,6";"7,36";"0,12";"4,41";"0,28";"";"";"";"";"";"";"0,14";"0,57";"0,61";"0,94";"1,05";"0,39";"0,3";"0,59";"0,52";"0,66";"1,08";"0,48";"0,88";"1,18";"2,16";"1";"0,74";"0,6"
"425";"Carnes e derivados";"Peru, congelado, assado";"65,3";"163";"682";"26,2";"5,7";"91";"0";"";"2,2";"14";"12";"0,02";"197";"0,6";"628";"175";"0,03";"1,2";"0,00001";"0,00001";"0,00001";"0,06";"0,00001";"0,00001";"6,23";"";"1,6";"1,2";"1,4";"";"0,03";"1,1";"0,47";"0,02";"0,00001";"0,00001";"";"0,11";"1,6";"0,01";"1,41";"0,03";"0,00001";"0,00001";"";"";"0,02";"0,00001";"";"";"";"";"";"";"";"";"";"";"";"";"";"";"";"";"";""
"426";"Carnes e derivados";"Peru, congelado, cru";"78,2";"94";"392";"18,1";"1,8";"68";"0";"";"2,5";"10";"19";"0,00001";"217";"0,9";"711";"281";"0,36";"1,4";"0,00001";"0,00001";"0,00001";"0,06";"0,00001";"0,00001";"4,23";"";"0,4";"0,4";"0,7";"0,01";"0,01";"0,26";"0,14";"0,00001";"0,01";"";"";"0,03";"0,41";"0,00001";"0,63";"0,03";"0,06";"";"";"";"";"";"";"";"";"";"";"";"";"";"";"";"";"";"";"";"";"";"";""
"427";"Carnes e derivados";"Porco, bisteca, crua";"67,7";"164";"687";"21,5";"8";"56";"0";"";"1";"6";"24";"0,00001";"195";"0,5";"54";"335";"0,07";"1,4";"0,00001";"0,00001";"0,00001";"0,9";"0,00001";"0,00001";"2,65";"";"3,5";"3,9";"1,2";"0,01";"0,13";"2,17";"1,12";"0,02";"";"";"";"0,21";"3,37";"0,06";"1,12";"0,05";"0,05";"";"";"";"";"";"";"";"";"";"";"";"";"";"";"";"";"";"";"";"";"";"";""
"428";"Carnes e derivados";"Porco, bisteca, frita";"47,3";"311";"1302";"33,7";"18,5";"126";"0";"";"1,6";"69";"29";"0,01";"290";"0,8";"63";"404";"0,07";"2,2";"10";"10";"10";"0,34";"0,00001";"0,00001";"3,25";"";"6";"6,6";"4,6";"0,05";"0,31";"3,58";"1,94";"0,04";"0,02";"0,02";"";"0,25";"6,17";"0,11";"4,07";"0,32";"0,07";"";"0,02";"";"0,16";"0,05";"";"";"";"";"";"";"";"";"";"";"";"";"";"";"";"";"";""
"429";"Carnes e derivados";"Porco, bisteca, grelhada";"51,8";"280";"1172";"28,9";"17,4";"82";"0";"";"1,2";"34";"25";"0,00001";"229";"0,9";"51";"366";"0,06";"2,3";"0,00001";"0,00001";"0,00001";"0,77";"0,14";"0,03";"1,92";"";"7,5";"7,7";"1,2";"0,02";"0,27";"4,27";"2,82";"0,03";"";"";"";"0,31";"7,14";"0,13";"1,03";"0,03";"0,03";"";"";"";"0,09";"";"";"";"";"";"";"";"";"";"";"";"";"";"";"";"";"";"";""
"430";"Carnes e derivados";"Porco, costela, assada";"36,9";"402";"1683";"30,2";"30,3";"113";"0";"";"1,4";"17";"14";"0,00001";"201";"1";"63";"246";"0,07";"3,1";"0,00001";"0,00001";"0,00001";"0,71";"0,05";"0,00001";"10,63";"";"11,8";"13,9";"3,1";"";"0,34";"7,1";"4,16";"0,06";"";"";"";"0,63";"12,9";"0,23";"2,75";"0,12";"0,09";"";"";"";"0,06";"";"";"";"";"";"";"";"";"";"";"";"";"";"";"";"";"";"";""
"431";"Carnes e derivados";"Porco, costela, crua";"61,2";"256";"1069";"18";"19,8";"69";"0";"";"0,9";"15";"18";"0,00001";"159";"0,9";"88";"248";"0,05";"2,3";"0,00001";"0,00001";"0,00001";"0,62";"0,00001";"0,00001";"8,27";"";"7,4";"8,3";"2,3";"0,02";"0,28";"4,59";"2,42";"0,03";"";"";"";"0,45";"7,64";"0,12";"2,11";"0,09";"0,08";"";"";"";"";"";"";"";"";"";"";"";"";"";"";"";"";"";"";"";"";"";"";""
"432";"Carnes e derivados";"Porco, lombo, assado";"56,6";"210";"880";"35,7";"6,4";"103";"0";"";"1,4";"20";"18";"0,00001";"238";"0,5";"39";"311";"0,03";"1,8";"0,00001";"0,00001";"0,00001";"0,75";"0,07";"0,11";"12,43";"";"2,6";"2,9";"0,7";"";"0,08";"1,54";"0,97";"0,01";"";"";"";"0,11";"2,63";"0,16";"0,55";"0,07";"0,02";"";"";"";"0,02";"";"";"";"";"";"";"";"";"";"";"";"";"";"";"";"";"";"";""
"433";"Carnes e derivados";"Porco, lombo, cru";"67,7";"176";"735";"22,6";"8,8";"55";"0";"";"1";"4";"24";"0,00001";"195";"0,5";"53";"334";"0,01";"0,9";"0,00001";"0,00001";"0,00001";"0,95";"0,00001";"0,00001";"13,83";"";"3,3";"3,7";"1";"0,01";"0,12";"2,08";"1";"0,02";"";"";"";"0,22";"3,39";"0,06";"0,88";"0,04";"0,05";"";"";"";"";"";"";"";"";"";"";"";"";"";"";"";"";"";"";"";"";"";"";""
"434";"Carnes e derivados";"Porco, orelha, salgada, crua";"59,7";"258";"1082";"18,5";"19,9";"83";"0";"";"2";"5";"2";"0,01";"31";"1,4";"616";"228";"0,23";"0,6";"0,00001";"0,00001";"0,00001";"0,07";"0,03";"0,00001";"0,00001";"";"7,3";"11,2";"2,8";"0,02";"0,33";"4,99";"1,84";"0,03";"";"";"";"0,9";"10,15";"0,19";"2,58";"0,11";"0,09";"";"";"";"";"";"";"";"";"";"";"";"";"";"";"";"";"";"";"";"";"";"";""
"435";"Carnes e derivados";"Porco, pernil, assado";"49,3";"262";"1097";"32,1";"13,9";"110";"0";"";"1,4";"18";"27";"0,01";"247";"1,3";"62";"395";"0,09";"3,3";"0,00001";"0,00001";"0,00001";"0,77";"0,09";"0,00001";"6,57";"";"4,8";"6,4";"1,9";"";"0,15";"2,96";"1,59";"0,03";"";"";"";"0,29";"5,91";"0,11";"1,66";"0,05";"0,11";"";"";"";"";"";"";"";"";"";"";"";"";"";"";"";"";"";"";"";"";"";"";""
"436";"Carnes e derivados";"Porco, pernil, cru";"67,1";"186";"778";"20,1";"11,1";"59";"0";"";"1";"13";"23";"0,00001";"192";"0,9";"102";"256";"0,16";"1,7";"0,00001";"0,00001";"0,00001";"1,06";"0,06";"0,00001";"5,67";"";"4,2";"5";"1,7";"0,01";"0,16";"2,58";"1,29";"0,02";"0,02";"";"";"0,26";"4,64";"0,09";"1,51";"0,06";"0,08";"";"";"";"";"";"";"";"";"";"";"";"";"";"";"";"";"";"";"";"";"";"";""
"437";"Carnes e derivados";"Porco, rabo, salgado, cru";"43,8";"377";"1579";"15,6";"34,5";"89";"0";"";"3,5";"22";"4";"0,01";"42";"0,6";"1158";"24";"0,05";"1,4";"0,00001";"0,00001";"0,00001";"0,2";"0,06";"0,00001";"1,43";"";"11,6";"16,7";"4,3";"";"0,37";"7,37";"3,58";"0,07";"";"";"";"0,78";"15,49";"0,3";"3,85";"0,16";"0,07";"";"";"";"0,07";"";"";"";"";"";"";"";"";"";"";"";"";"";"";"";"";"";"";""
"438";"Carnes e derivados";"Presunto, com capa de gordura";"73,9";"128";"535";"14,4";"6,8";"40";"1,4";"";"3,5";"12";"17";"0,04";"274";"0,7";"1021";"295";"0,04";"1,3";"0,00001";"";"";"0,62";"0,03";"0,00001";"3,78";"";"1,9";"2,6";"1";"";"0,06";"1,22";"0,63";"0,01";"";"";"";"0,13";"2,39";"0,05";"0,87";"0,04";"0,04";"";"";"";"0,01";"";"0,11";"0,73";"0,71";"1,17";"1,35";"0,47";"0,23";"0,67";"0,58";"0,74";"1,22";"0,91";"0,9";"1,41";"2,39";"0,81";"0,7";"0,68"
"439";"Carnes e derivados";"Presunto, sem capa de gordura";"77,2";"94";"392";"14,3";"2,7";"36";"2,1";"";"3,7";"23";"18";"0,04";"244";"0,8";"1039";"307";"0,04";"1,5";"0,00001";"";"";"0,5";"0,03";"0,00001";"4";"";"0,9";"1,1";"0,5";"";"0,03";"0,55";"0,27";"";"";"";"";"0,07";"1,04";"0,02";"0,38";"0,01";"0,04";"";"";"";"";"";"0,15";"0,71";"0,69";"1,15";"1,28";"0,48";"0,22";"0,63";"0,55";"0,72";"1,2";"0,89";"0,88";"1,37";"2,36";"0,73";"0,65";"0,68"
"440";"Carnes e derivados";"Quibe, assado";"69";"136";"570";"14,6";"2,7";"34";"12,9";"1,9";"0,9";"16";"36";"0,76";"174";"2,2";"40";"288";"0,51";"4,1";"0,00001";"";"";"0,04";"0,04";"0,00001";"1,81";"0,00001";"1,2";"0,9";"0,3";"";"0,08";"0,68";"0,43";"";"";"";"";"0,06";"0,87";"";"0,25";"0,02";"";"";"0,00001";"";"0,06";"";"";"";"";"";"";"";"";"";"";"";"";"";"";"";"";"";"";""
"441";"Carnes e derivados";"Quibe, cru";"74,5";"109";"458";"12,4";"1,7";"27";"10,8";"1,6";"0,7";"12";"26";"0,39";"126";"1,7";"39";"242";"0,13";"2,8";"0,00001";"";"";"0,09";"0,03";"0,00001";"1,2";"0,00001";"0,7";"0,7";"0,3";"";"0,03";"0,35";"0,24";"";"";"";"";"0,06";"0,63";"0,01";"0,21";"0,03";"0,02";"0,01";"0,01";"";"0,03";"";"0,02";"0,35";"0,4";"0,78";"0,93";"0,23";"0,04";"0,46";"0,45";"0,48";"0,85";"0,5";"0,65";"1";"2,16";"0,51";"0,47";"0,45"
"442";"Carnes e derivados";"Quibe, frito";"54";"254";"1062";"14,9";"15,8";"38";"12,3";"";"3";"22";"39";"0,72";"166";"2";"836";"322";"0,16";"2,8";"0,00001";"";"";"0,12";"0,1";"0,00001";"1,5";"0,00001";"4,6";"5";"5";"";"0,16";"2,5";"1,68";"0,04";"0,05";"0,03";"0,03";"0,17";"4,75";"0,05";"4,55";"0,41";"0,03";"";"";"";"0,18";"0,08";"";"";"";"";"";"";"";"";"";"";"";"";"";"";"";"";"";""
"443";"Carnes e derivados";"Salame";"34,7";"398";"1665";"25,8";"30,6";"85";"2,9";"";"5,9";"87";"30";"0,03";"354";"1,3";"1574";"548";"0,05";"3,2";"0,00001";"";"";"0,88";"0,23";"0,00001";"12,49";"";"9,6";"12,1";"4,7";"";"0,34";"5,78";"3,09";"0,05";"";"";"";"0,55";"11,21";"0,23";"4,23";"0,19";"0,03";"";"";"";"0,1";"";"0,28";"1,22";"1,21";"2,02";"0,07";"0,79";"0,35";"1,08";"0,97";"1,3";"1,96";"1,3";"1,61";"2,34";"4,24";"1,55";"1,38";"1,15"
"444";"Carnes e derivados";"Toucinho, cru";"27,6";"593";"2479";"11,5";"60,3";"73";"0";"";"0,3";"2";"4";"0,00001";"35";"0,4";"50";"58";"0,11";"0,2";"0,00001";"0,00001";"0,00001";"0,00001";"0,00001";"0,00001";"5,1";"";"17,7";"20,1";"10,1";"0,06";"0,75";"11,42";"5,21";"0,09";"";"";"";"0,98";"18,82";"0,28";"9,32";"0,68";"0,15";"";"";"";"0,21";"";"";"";"";"";"";"";"";"";"";"";"";"";"";"";"";"";"";""
"445";"Carnes e derivados";"Toucinho, frito";"6,3";"697";"2914";"27,3";"64,3";"89";"0";"";"0,7";"9";"9";"0,01";"95";"0,9";"125";"171";"0,1";"0,8";"0,00001";"0,00001";"0,00001";"0,00001";"0,00001";"0,00001";"5,03";"";"20";"26,2";"14,6";"";"0,64";"12,89";"6,17";"0,12";"0,07";"";"";"1,02";"24,55";"0,45";"12,93";"0,86";"";"";"0,06";"";"0,33";"0,25";"";"";"";"";"";"";"";"";"";"";"";"";"";"";"";"";"";""
"446";"Leite e derivados";"Bebida láctea, pêssego";"87,7";"55";"231";"2,1";"1,9";"5";"7,6";"0,3";"0,7";"89";"9";"0,00001";"63";"0,00001";"46";"62";"0,02";"0,2";"0,00001";"";"";"0,03";"0,14";"0,00001";"0,33";"2,1";"1,1";"0,6";"0,00001";"0,05";"0,19";"0,54";"0,25";"0,00001";"0,00001";"";"0,01";"0,02";"0,53";"0,01";"0,03";"0,02";"0,00001";"";"";"";"0,06";"0,00001";"";"";"";"";"";"";"";"";"";"";"";"";"";"";"";"";"";""
"447";"Leite e derivados";"Creme de Leite";"70,9";"221";"927";"1,5";"22,5";"66";"4,5";"";"0,6";"83";"8";"0,01";"118";"0,3";"52";"119";"0,02";"0,3";"128";"";"";"0,00001";"0,1";"0,00001";"0";"0,00001";"11,8";"5,1";"0,5";"0,49";"1,91";"5,58";"2,38";"0,04";"";"";"0,18";"0,36";"4,5";"";"0,33";"0,07";"";"";"";"";"0,63";"";"";"";"";"";"";"";"";"";"";"";"";"";"";"";"";"";"";""
"448";"Leite e derivados";"Iogurte, natural";"90";"51";"215";"4,1";"3";"14";"1,9";"";"0,9";"143";"11";"0,00001";"119";"0,00001";"52";"71";"0,02";"0,4";"23";"";"";"0,04";"0,22";"0,00001";"0,00001";"0,9";"1,8";"0,9";"0,1";"0,07";"0,3";"0,91";"0,4";"0,01";"0,00001";"0,00001";"0,02";"0,04";"0,83";"0,01";"0,06";"0,03";"0,00001";"";"0,00001";"0,00001";"";"";"";"";"";"";"";"";"";"";"";"";"";"";"";"";"";"";"";""
"449";"Leite e derivados";"Iogurte, natural, desnatado";"89,2";"41";"174";"3,8";"0,3";"3";"5,8";"";"0,9";"157";"12";"0,00001";"110";"0,00001";"60";"182";"0,00001";"0,5";"";"";"";"0,00001";"0,22";"0,00001";"0,00001";"0,3";"0,2";"0,1";"";"0,01";"0,03";"0,1";"0,05";"";"";"";"";"";"0,09";"";"0,00001";"";"";"";"";"";"0,01";"";"";"";"";"";"";"";"";"";"";"";"";"";"";"";"";"";"";""
"450";"Leite e derivados";"Iogurte, sabor abacaxi";"";"";"";"";"";"6";"";"";"";"";"";"";"";"";"";"";"";"";"";"";"";"";"";"";"";"";"";"";"";"";"";"";"";"";"";"";"";"";"";"";"";"";"";"";"";"";"";"";"";"";"";"";"";"";"";"";"";"";"";"";"";"";"";"";"";""
"451";"Leite e derivados";"Iogurte, sabor morango";"84,6";"70";"291";"2,7";"2,3";"7";"9,7";"0,2";"0,6";"101";"8";"0,00001";"73";"0,00001";"38";"52";"0,02";"0,3";"27";"";"";"0,03";"0,12";"0,02";"0,00001";"0,00001";"1,4";"0,7";"0,1";"0,07";"0,26";"0,7";"0,29";"0,00001";"";"";"0,01";"0,03";"0,62";"0,00001";"0,05";"0,02";"0,00001";"";"0,00001";"0,00001";"";"";"";"";"";"";"";"";"";"";"";"";"";"";"";"";"";"";"";""
"452";"Leite e derivados";"Iogurte, sabor pêssego";"85,1";"68";"284";"2,5";"2,3";"8";"9,4";"0,7";"0,6";"95";"8";"0,00001";"66";"0,1";"37";"52";"0,02";"0,3";"21";"";"";"0,02";"0,1";"0,00001";"0,38";"0,00001";"1,4";"0,6";"0,1";"0,06";"0,25";"0,7";"0,29";"0,00001";"0,00001";"";"0,01";"0,03";"0,59";"0,00001";"0,04";"0,02";"0,00001";"";"";"";"0,06";"0,00001";"";"";"";"";"";"";"";"";"";"";"";"";"";"";"";"";"";""
"453";"Leite e derivados";"Leite, condensado";"27";"313";"1308";"7,7";"6,7";"28";"57";"";"1,6";"246";"22";"0,00001";"187";"0,1";"94";"329";"0,03";"0,9";"53";"";"";"0,06";"0,33";"0,57";"0,00001";"2,1";"4,2";"1,7";"0,2";"0,17";"0,73";"2,1";"0,82";"0,01";"";"";"";"0,14";"1,47";"0,02";"0,1";"0,04";"";"";"";"";"0,2";"0,03";"";"";"";"";"";"";"";"";"";"";"";"";"";"";"";"";"";""
"454";"Leite e derivados";"Leite, de cabra";"87,1";"66";"278";"3,1";"3,8";"14";"5,2";"";"0,9";"112";"10";"0,00001";"113";"0,1";"74";"140";"0,04";"0,4";"35";"";"";"0,00001";"0,14";"0,00001";"0,00001";"0,00001";"2,4";"0,8";"0,1";"0,1";"0,29";"1";"0,6";"0,01";"0,00001";"";"";"0,03";"0,79";"";"0,11";"0,01";"0,01";"";"";"";"0,1";"0,02";"";"";"";"";"";"";"";"";"";"";"";"";"";"";"";"";"";""
"455";"Leite e derivados";"Leite, de vaca, achocolatado";"80,9";"83";"347";"2,1";"2,2";"6";"14,2";"0,6";"0,7";"70";"13";"0,05";"71";"0,5";"72";"155";"0,04";"0,3";"39";"";"";"0,07";"0,29";"0,14";"1,23";"3,3";"1,1";"0,6";"0,1";"0,03";"0,14";"0,53";"0,29";"0,01";"0,00001";"0,00001";"0,01";"0,03";"0,56";"0,00001";"0,11";"0,01";"0,00001";"";"";"";"0,19";"0,03";"";"";"";"";"";"";"";"";"";"";"";"";"";"";"";"";"";""
"456";"Leite e derivados";"Leite, de vaca, desnatado, pó";"3,1";"362";"1513";"34,7";"0,9";"25";"53";"";"8,2";"1363";"109";"0,00001";"1673";"0,9";"432";"1556";"0,16";"3,8";"299";"";"";"0,32";"1,2";"0,00001";"0,81";"";"0,6";"0,2";"0,00001";"0,02";"0,09";"0,29";"0,12";"0,00001";"0,01";"0,00001";"0,01";"0,02";"0,2";"";"0,03";"0,00001";"0,00001";"";"";"";"0,02";"0,00001";"";"";"";"";"";"";"";"";"";"";"";"";"";"";"";"";"";""
"457";"Leite e derivados";"Leite, de vaca, desnatado, UHT";"";"";"";"";"";"4";"";"";"0,8";"134";"10";"0,00001";"85";"0,00001";"51";"140";"0,02";"0,4";"0,00001";"";"";"0,04";"0,26";"0,00001";"1,49";"0,00001";"";"";"";"";"";"";"";"";"";"";"";"";"";"";"";"";"";"";"";"";"";"";"";"";"";"";"";"";"";"";"";"";"";"";"";"";"";"";"";""
"458";"Leite e derivados";"Leite, de vaca, integral";"";"";"";"";"";"10";"";"";"0,8";"123";"10";"0,00001";"82";"0,00001";"64";"133";"0,02";"0,4";"21";"";"";"0,04";"0,24";"0,00001";"1,52";"0,00001";"1,4";"0,7";"0,1";"0,06";"0,25";"0,71";"0,29";"";"";"";"0,01";"0,03";"0,65";"";"0,04";"0,02";"";"";"0,00001";"0,00001";"";"";"";"";"";"";"";"";"";"";"";"";"";"";"";"";"";"";"";""
"459";"Leite e derivados";"Leite, de vaca, integral, pó";"2,7";"497";"2078";"25,4";"26,9";"85";"39,2";"";"5,8";"890";"77";"0,00001";"1242";"0,5";"323";"1132";"0,11";"2,7";"361";"";"";"0,24";"1,03";"0,00001";"0,00001";"";"16,3";"7,1";"0,5";"0,58";"2,62";"8,11";"3,48";"0,05";"";"0,03";"0,15";"0,56";"6,25";"0,05";"0,41";"0,1";"";"";"";"";"0,84";"0,1";"";"";"";"";"";"";"";"";"";"";"";"";"";"";"";"";"";""
"460";"Leite e derivados";"Leite, fermentado";"81,9";"70";"291";"1,9";"0,1";"2";"15,7";"";"0,5";"72";"6";"0,02";"63";"0,00001";"33";"94";"0,01";"0,3";"0,00001";"";"";"0,08";"0,11";"0,00001";"0,00001";"0,5";"";"";"";"";"";"";"";"";"";"";"";"";"";"";"";"";"";"";"";"";"";"";"";"";"";"";"";"";"";"";"";"";"";"";"";"";"";"";"";""
"461";"Leite e derivados";"Queijo, minas, frescal";"56,1";"264";"1106";"17,4";"20,2";"62";"3,2";"";"3";"579";"7";"0,02";"123";"0,9";"31";"105";"0,00001";"0,3";"161";"";"";"0,00001";"0,25";"0,00001";"0,00001";"0,00001";"11,4";"5,8";"0,4";"0,41";"1,73";"5,78";"2,53";"0,04";"0,02";"0,02";"0,16";"0,39";"5,14";"0,04";"0,28";"0,06";"0,02";"";"";"";"0,54";"0,12";"";"";"";"";"";"";"";"";"";"";"";"";"";"";"";"";"";""
"462";"Leite e derivados";"Queijo, minas, meia cura";"47,1";"321";"1342";"21,2";"24,6";"76";"3,6";"";"3,5";"696";"27";"0,02";"403";"0,2";"501";"120";"0,07";"2,7";"111";"";"";"0,03";"0,32";"0,00001";"0,00001";"";"13,2";"5,6";"0,3";"0,55";"2,13";"6,15";"2,59";"0,05";"";"";"0,23";"0,46";"4,82";"";"0,24";"0,1";"";"";"";"";"0,99";"";"";"";"";"";"";"";"";"";"";"";"";"";"";"";"";"";"";""
"463";"Leite e derivados";"Queijo, mozarela";"45,3";"330";"1380";"22,6";"25,2";"80";"3";"";"3,8";"875";"24";"0,03";"470";"0,3";"581";"62";"0,08";"3,5";"109";"";"";"0,00001";"0,2";"0,00001";"0,00001";"";"14,2";"6";"0,5";"0,61";"2,37";"6,66";"3,02";"";"";"";"0,22";"0,43";"5,22";"";"0,31";"0,08";"";"";"";"";"0,86";"";"0,38";"1,05";"1,39";"2,38";"2,06";"0,85";"0,36";"1,27";"1,61";"1,77";"1,13";"0,86";"0,79";"1,76";"5,91";"0,55";"2,76";"1,5"
"464";"Leite e derivados";"Queijo, parmesão";"21,2";"453";"1895";"35,6";"33,5";"106";"1,7";"";"8";"992";"33";"0,05";"745";"0,5";"1844";"96";"0,17";"4,4";"66";"";"";"0,00001";"0,44";"0,23";"0,00001";"0,00001";"19,7";"8,7";"0,4";"0,7";"3,26";"10,07";"4,24";"0,06";"0,03";"0,03";"0,32";"0,63";"7,67";"0,03";"0,29";"0,11";"0,03";"";"";"";"1,01";"0,16";"";"";"";"";"";"";"";"";"";"";"";"";"";"";"";"";"";""
"465";"Leite e derivados";"Queijo, pasteurizado";"54,4";"303";"1268";"9,4";"27,4";"82";"5,7";"";"3,1";"323";"16";"0,01";"578";"0,3";"780";"194";"0,05";"1,3";"57";"";"";"0,00001";"0,2";"0,00001";"0,00001";"0,00001";"15,9";"7,3";"0,4";"0,58";"2,58";"8,05";"3,38";"0,05";"";"";"0,23";"0,49";"6,45";"0,05";"0,33";"0,08";"";"";"";"";"0,85";"0,18";"";"";"";"";"";"";"";"";"";"";"";"";"";"";"";"";"";""
"466";"Leite e derivados";"Queijo, petit suisse, morango";"72,2";"121";"507";"5,8";"2,8";"12";"18,5";"";"0,7";"731";"27";"0,02";"448";"0,1";"412";"121";"0,01";"2,7";"273";"";"";"0,22";"0,27";"0,21";"2,68";"0,00001";"1,6";"0,8";"0,00001";"0,05";"0,23";"0,81";"0,4";"0,01";"";"";"0,02";"0,05";"0,76";"";"0,04";"0,01";"";"";"";"";"0,09";"";"";"";"";"";"";"";"";"";"";"";"";"";"";"";"";"";"";""
"467";"Leite e derivados";"Queijo, prato";"42,4";"360";"1506";"22,7";"29,1";"91";"1,9";"";"3,9";"940";"28";"0,03";"461";"0,3";"580";"73";"0,1";"3,5";"123";"";"";"0,00001";"0,22";"0,00001";"0,00001";"";"16,3";"6,8";"0,5";"0,71";"2,67";"7,59";"3,16";"";"";"";"0,27";"0,51";"5,91";"";"0,42";"0,11";"";"";"";"";"0,87";"";"0,48";"1,01";"1,21";"2,19";"1,94";"0,82";"0,36";"1,13";"1,43";"1,47";"1,14";"0,84";"0,81";"1,66";"5,33";"0,56";"2,76";"1,54"
"468";"Leite e derivados";"Queijo, requeijão, cremoso";"62,5";"257";"1074";"9,6";"23,4";"74";"2,4";"";"2";"259";"12";"0,02";"448";"0,1";"558";"93";"0,05";"1,3";"195";"";"";"0,00001";"0,19";"0,00001";"0,00001";"0,00001";"13,7";"6,4";"0,3";"0,52";"2,26";"7,16";"2,72";"0,04";"0,04";"0,02";"0,24";"0,5";"5,54";"0,04";"0,24";"0,07";"";"";"";"";"0,55";"0,11";"0";"0,03";"0,05";"0,1";"0,1";"0,02";"0,02";"0,06";"0,02";"0,07";"0,33";"0,03";"0,41";"0,23";"0,44";"0,99";"0,58";"0,09"
"469";"Leite e derivados";"Queijo, ricota";"73,6";"140";"585";"12,6";"8,1";"49";"3,8";"";"1,9";"253";"12";"0,00001";"162";"0,1";"283";"112";"0,00001";"0,5";"53";"";"";"0,00001";"0,15";"0,00001";"0,00001";"0,00001";"4,5";"2,4";"0,2";"0,15";"0,66";"2,28";"1,06";"0,02";"0,02";"0,02";"0,06";"0,15";"2,16";"0,02";"0,14";"0,02";"0,01";"";"";"";"0,21";"0,04";"";"";"";"";"";"";"";"";"";"";"";"";"";"";"";"";"";""
"470";"Bebidas (alcoólicas e não alcoólicas)";"Bebida isotônica, sabores variados";"93,5";"26";"107";"0";"0";"";"6,4";"";"0,1";"1";"0,00001";"0,00001";"9";"0,7";"44";"13";"0,00001";"0,00001";"";"";"";"";"";"";"";"";"";"";"";"";"";"";"";"";"";"";"";"";"";"";"";"";"";"";"";"";"";"";"";"";"";"";"";"";"";"";"";"";"";"";"";"";"";"";"";""
"471";"Bebidas (alcoólicas e não alcoólicas)";"Café, infusão 10%";"97,4";"9";"38";"0,7";"0,1";"";"1,5";"";"0,4";"3";"10";"0,04";"9";"0,00001";"1";"156";"0,01";"0,00001";"";"";"";"";"";"";"";"";"";"";"";"";"";"";"";"";"";"";"";"";"";"";"";"";"";"";"";"";"";"";"";"";"";"";"";"";"";"";"";"";"";"";"";"";"";"";"";""
"472";"Bebidas (alcoólicas e não alcoólicas)";"Cana, aguardente 1";"";"216";"902";"";"";"";"";"";"";"0,00001";"0,00001";"0,00001";"0,00001";"0,00001";"3";"0,00001";"0,06";"0,00001";"";"";"";"0,00001";"0,00001";"0,00001";"0,00001";"";"";"";"";"";"";"";"";"";"";"";"";"";"";"";"";"";"";"";"";"";"";"";"";"";"";"";"";"";"";"";"";"";"";"";"";"";"";"";"";""
"473";"Bebidas (alcoólicas e não alcoólicas)";"Cana, caldo de";"81,7";"65";"273";"0,00001";"0,00001";"";"18,2";"0,1";"0,1";"9";"12";"0,21";"5";"0,8";"0,00001";"18";"0,01";"0,1";"";"";"";"0,00001";"0,00001";"0,03";"0,00001";"2,8";"";"";"";"";"";"";"";"";"";"";"";"";"";"";"";"";"";"";"";"";"";"";"";"";"";"";"";"";"";"";"";"";"";"";"";"";"";"";"";""
"474";"Bebidas (alcoólicas e não alcoólicas)";"Cerveja, pilsen 2";"92,4";"41";"170";"0,6";"0,00001";"";"3,3";"";"0,1";"5";"7";"0,01";"19";"0,00001";"4";"29";"0,00001";"0,00001";"";"";"";"0,00001";"0,00001";"0,14";"2,92";"0,00001";"";"";"";"";"";"";"";"";"";"";"";"";"";"";"";"";"";"";"";"";"";"";"";"";"";"";"";"";"";"";"";"";"";"";"";"";"";"";"";""
"475";"Bebidas (alcoólicas e não alcoólicas)";"Chá, erva-doce, infusão 5%";"99,6";"1";"6";"0";"0";"";"0,4";"";"0";"2";"1";"0,01";"1";"0,00001";"1";"10";"0,01";"0,00001";"";"";"";"1,23";"0,23";"";"";"";"";"";"";"";"";"";"";"";"";"";"";"";"";"";"";"";"";"";"";"";"";"";"";"";"";"";"";"";"";"";"";"";"";"";"";"";"";"";"";""
"476";"Bebidas (alcoólicas e não alcoólicas)";"Chá, mate, infusão 5%";"99,3";"3";"11";"0";"0,1";"";"0,6";"";"0";"1";"2";"0,27";"0,00001";"0,00001";"0,00001";"5";"0,00001";"0,00001";"";"";"";"0,89";"0,00001";"";"";"";"";"";"";"";"";"";"";"";"";"";"";"";"";"";"";"";"";"";"";"";"";"";"";"";"";"";"";"";"";"";"";"";"";"";"";"";"";"";"";""
"477";"Bebidas (alcoólicas e não alcoólicas)";"Chá, preto, infusão 5%";"99,4";"2";"9";"0";"0";"";"0,6";"";"0";"0";"1";"0,09";"2";"0,00001";"0,00001";"13";"0,00001";"0,00001";"";"";"";"3,11";"0,48";"";"";"";"";"";"";"";"";"";"";"";"";"";"";"";"";"";"";"";"";"";"";"";"";"";"";"";"";"";"";"";"";"";"";"";"";"";"";"";"";"";"";""
"478";"Bebidas (alcoólicas e não alcoólicas)";"Coco, água de";"94,3";"22";"90";"0";"0";"";"5,3";"0,1";"0,5";"19";"5";"0,25";"4";"0,00001";"2";"162";"0,00001";"0,00001";"";"";"";"0,01";"0,00001";"0,00001";"0,00001";"2,4";"";"";"";"";"";"";"";"";"";"";"";"";"";"";"";"";"";"";"";"";"";"";"";"";"";"";"";"";"";"";"";"";"";"";"";"";"";"";"";""
"479";"Bebidas (alcoólicas e não alcoólicas)";"Refrigerante, tipo água tônica";"92";"31";"129";"0";"0";"";"8";"";"0";"1";"0,00001";"0,00001";"0";"0,00001";"8";"2";"0,00001";"0,00001";"";"";"";"";"";"";"";"";"";"";"";"";"";"";"";"";"";"";"";"";"";"";"";"";"";"";"";"";"";"";"";"";"";"";"";"";"";"";"";"";"";"";"";"";"";"";"";""
"480";"Bebidas (alcoólicas e não alcoólicas)";"Refrigerante, tipo cola";"91,3";"34";"140";"0";"0";"";"8,7";"";"0,1";"1";"0,00001";"0,00001";"17";"0,00001";"7";"1";"0,00001";"0,00001";"";"";"";"";"";"";"";"";"";"";"";"";"";"";"";"";"";"";"";"";"";"";"";"";"";"";"";"";"";"";"";"";"";"";"";"";"";"";"";"";"";"";"";"";"";"";"";""
"481";"Bebidas (alcoólicas e não alcoólicas)";"Refrigerante, tipo guaraná";"90";"39";"162";"0";"0";"";"10";"";"0";"1";"0,00001";"0,00001";"0,00001";"0,00001";"9";"1";"0,00001";"0,00001";"";"";"";"";"";"";"";"";"";"";"";"";"";"";"";"";"";"";"";"";"";"";"";"";"";"";"";"";"";"";"";"";"";"";"";"";"";"";"";"";"";"";"";"";"";"";"";""
"482";"Bebidas (alcoólicas e não alcoólicas)";"Refrigerante, tipo laranja";"88,2";"46";"191";"0";"0";"";"11,8";"";"0";"2";"1";"0,00001";"1";"0,00001";"9";"16";"0,00001";"0,00001";"";"";"";"";"";"";"";"";"";"";"";"";"";"";"";"";"";"";"";"";"";"";"";"";"";"";"";"";"";"";"";"";"";"";"";"";"";"";"";"";"";"";"";"";"";"";"";""
"483";"Bebidas (alcoólicas e não alcoólicas)";"Refrigerante, tipo limão";"89,7";"40";"166";"0";"0";"";"10,3";"";"0";"2";"1";"0,00001";"0,00001";"0,00001";"9";"4";"0,00001";"0,00001";"";"";"";"";"";"";"";"";"";"";"";"";"";"";"";"";"";"";"";"";"";"";"";"";"";"";"";"";"";"";"";"";"";"";"";"";"";"";"";"";"";"";"";"";"";"";"";""
"484";"Ovos e derivados";"Omelete, de queijo";"60,5";"268";"1121";"15,6";"22";"384";"0,4";"";"1,5";"166";"14";"0,03";"314";"1,4";"216";"127";"0,03";"1,4";"59";"";"";"0,03";"0,24";"0,00001";"0,00001";"0,00001";"6,4";"7";"6,2";"0,08";"0,42";"4,2";"1,56";"0,04";"0,05";"0,02";"0,04";"0,26";"6,61";"0,05";"5,53";"0,44";"0,15";"";"";"0,04";"0,15";"";"";"";"";"";"";"";"";"";"";"";"";"";"";"";"";"";"";""
"485";"Ovos e derivados";"Ovo, de codorna, inteiro, cru";"71,7";"177";"740";"13,7";"12,7";"568";"0,8";"";"1,2";"79";"11";"0,00001";"279";"3,3";"129";"79";"0,04";"2,1";"305";"";"";"0,11";"0,12";"0,00001";"0,97";"";"8,9";"12,1";"2,7";"0,00001";"0,13";"6,39";"2,31";"0,01";"0,03";"";"0,03";"1,07";"11,01";"0,03";"2,2";"0,1";"0,44";"";"";"";"0,04";"0,07";"";"";"";"";"";"";"";"";"";"";"";"";"";"";"";"";"";""
"486";"Ovos e derivados";"Ovo, de galinha, clara, cozida/10minutos";"85,2";"59";"249";"13,4";"0,1";"";"0";"";"0,7";"6";"11";"0,00001";"15";"0,1";"181";"146";"0,03";"0,00001";"";"";"";"0,00001";"0,08";"0,00001";"0,00001";"";"";"";"";"";"";"";"";"";"";"";"";"";"";"";"";"";"";"";"";"";"";"";"";"";"";"";"";"";"";"";"";"";"";"";"";"";"";"";"";""
"487";"Ovos e derivados";"Ovo, de galinha, gema, cozida/10minutos";"50";"353";"1476";"15,9";"30,8";"1272";"1,6";"";"1,7";"114";"9";"0,06";"386";"2,9";"45";"87";"0,00001";"2,9";"148";"";"";"0,18";"0,22";"0,00001";"0,00001";"";"9,2";"12,1";"4";"";"0,08";"6,56";"2,43";"";"0,03";"";"";"0,67";"11,29";"0,07";"3,25";"0,05";"0,44";"";"";"0,1";"0,05";"0,03";"";"";"";"";"";"";"";"";"";"";"";"";"";"";"";"";"";""
"488";"Ovos e derivados";"Ovo, de galinha, inteiro, cozido/10minutos";"75,8";"146";"610";"13,3";"9,5";"397";"0,6";"";"0,8";"49";"11";"0,02";"184";"1,5";"146";"139";"0,04";"1,2";"32";"";"";"0,08";"0,3";"0,00001";"0,00001";"";"2,9";"3,8";"1,1";"";"0,02";"2,07";"0,76";"";"0,01";"";"";"0,21";"3,51";"0,02";"0,94";"0,02";"0,12";"";"";"0,02";"0,02";"";"";"";"";"";"";"";"";"";"";"";"";"";"";"";"";"";"";""
"489";"Ovos e derivados";"Ovo, de galinha, inteiro, cru";"75,6";"143";"599";"13";"8,9";"356";"1,6";"";"0,8";"42";"13";"0,00001";"164";"1,6";"168";"150";"0,06";"1,1";"79";"";"";"0,07";"0,58";"0,00001";"0,75";"";"2,6";"3,6";"1,2";"";"0,02";"1,87";"0,69";"";"0,01";"0,01";"";"0,23";"3,33";"0,01";"0,88";"0,02";"0,14";"";"0,05";"0,04";"";"";"";"";"";"";"";"";"";"";"";"";"";"";"";"";"";"";"";""
"490";"Ovos e derivados";"Ovo, de galinha, inteiro, frito";"63,5";"240";"1005";"15,6";"18,6";"516";"1,2";"";"1,1";"73";"16";"0,03";"422";"2,1";"166";"184";"0,04";"1,5";"94";"";"";"0,06";"0,32";"0,00001";"0,00001";"0,00001";"4,1";"5,7";"4,9";"";"0,03";"2,95";"1,05";"0,02";"0,03";"0,02";"";"0,23";"5,45";"0,04";"4,34";"0,33";"0,17";"";"";"0,03";"0,02";"";"";"";"";"";"";"";"";"";"";"";"";"";"";"";"";"";"";""
"491";"Produtos açucarados";"Achocolatado, pó";"1,1";"401";"1678";"4,2";"2,2";"0,00001";"91,2";"3,9";"1,4";"44";"77";"0,55";"200";"5,4";"65";"496";"0,56";"1";"796";"";"";"1,38";"1,02";"1,52";"4,99";"0,00001";"1,1";"0,6";"0,3";"0,00001";"0,02";"0,51";"0,55";"0,02";"0,01";"0,00001";"";"0,01";"0,62";"";"0,29";"0,03";"";"";"";"";"0,01";"";"";"";"";"";"";"";"";"";"";"";"";"";"";"";"";"";"";""
"492";"Produtos açucarados";"Açúcar, cristal";"0,1";"387";"1619";"0,3";"0,00001";"";"99,6";"";"0,00001";"8";"1";"";"0,00001";"0,2";"0,00001";"3";"0,00001";"0,00001";"";"";"";"";"";"";"";"";"";"";"";"";"";"";"";"";"";"";"";"";"";"";"";"";"";"";"";"";"";"";"";"";"";"";"";"";"";"";"";"";"";"";"";"";"";"";"";""
"493";"Produtos açucarados";"Açúcar, mascavo";"3,3";"369";"1542";"0,8";"0,1";"";"94,5";"";"1,4";"127";"80";"2,03";"38";"8,3";"25";"522";"0,17";"0,5";"";"";"";"0,00001";"0,03";"0,00001";"0,00001";"0,00001";"";"";"";"";"";"";"";"";"";"";"";"";"";"";"";"";"";"";"";"";"";"";"";"";"";"";"";"";"";"";"";"";"";"";"";"";"";"";"";""
"494";"Produtos açucarados";"Açúcar, refinado";"0,1";"387";"1617";"0,3";"0,00001";"";"99,5";"";"0,00001";"4";"1";"";"0,00001";"0,1";"12";"6";"0,00001";"0,00001";"";"";"";"";"";"";"";"";"";"";"";"";"";"";"";"";"";"";"";"";"";"";"";"";"";"";"";"";"";"";"";"";"";"";"";"";"";"";"";"";"";"";"";"";"";"";"";""
"495";"Produtos açucarados";"Chocolate, ao leite";"1,3";"540";"2258";"7,2";"30,3";"17";"59,6";"2,2";"1,7";"191";"57";"0,3";"212";"1,6";"77";"355";"0,31";"1,1";"0,00001";"";"";"0,05";"0,22";"0,59";"0,63";"0,00001";"17,5";"10";"0,9";"0,09";"0,34";"7,46";"9,12";"0,26";"0,03";"";"";"0,14";"9,75";"0,06";"0,91";"0,03";"";"";"";"";"0,17";"0,1";"";"";"";"";"";"";"";"";"";"";"";"";"";"";"";"";"";""
"496";"Produtos açucarados";"Chocolate, ao leite, com castanha do Pará";"1,2";"559";"2338";"7,4";"34,2";"16";"55,4";"2,5";"1,8";"171";"80";"0,36";"303";"1,5";"64";"431";"0,45";"1,3";"36";"";"";"0,04";"0,24";"0,00001";"1,37";"1,4";"14,1";"9,3";"3,2";"0,1";"0,33";"6,24";"6,73";"0,2";"0,04";"0,02";"";"0,09";"9,14";"";"3,09";"0,07";"";"";"";"";"0,2";"";"";"";"";"";"";"";"";"";"";"";"";"";"";"";"";"";"";""
"497";"Produtos açucarados";"Chocolate, ao leite, dietético";"1,7";"557";"2330";"6,9";"33,8";"13";"56,3";"2,8";"1,3";"188";"67";"0,41";"276";"3,3";"85";"458";"0,43";"1,1";"7";"";"";"0,31";"0,25";"0,00001";"0,79";"2";"19,2";"11,4";"1,5";"0,06";"0,22";"8,08";"10,29";"0,31";"0,06";"0,03";"";"0,1";"11,32";"";"1,41";"0,1";"";"";"";"";"0,18";"";"";"";"";"";"";"";"";"";"";"";"";"";"";"";"";"";"";""
"498";"Produtos açucarados";"Chocolate, meio amargo";"1";"475";"1987";"4,9";"29,9";"2";"62,4";"4,9";"1,8";"45";"107";"0,83";"220";"3,6";"9";"432";"0,77";"1,5";"0,00001";"";"";"0,2";"0,04";"0,00001";"1,06";"2,1";"13,1";"8,1";"1";"0,01";"0,06";"5,61";"7,08";"0,21";"0,04";"0,02";"";"0,05";"8,03";"0,01";"0,94";"0,06";"";"";"";"";"0,14";"";"";"";"";"";"";"";"";"";"";"";"";"";"";"";"";"";"";""
"499";"Produtos açucarados";"Cocada branca";"3,4";"449";"1878";"1,1";"13,6";"";"81,4";"3,6";"0,5";"7";"17";"0,36";"396";"1,2";"29";"183";"0,2";"0,4";"";"";"";"0,00001";"0,00001";"0,16";"0,47";"0,00001";"8,4";"0,4";"0,1";"4,56";"1,56";"0,61";"0,2";"";"";"";"";"";"0,36";"";"0,07";"";"";"";"";"";"";"";"";"";"";"";"";"";"";"";"";"";"";"";"";"";"";"";"";""
"500";"Produtos açucarados";"Doce, de abóbora, cremoso";"43,9";"199";"832";"0,9";"0,2";"";"54,6";"2,3";"0,4";"13";"6";"0,01";"14";"0,9";"0,00001";"137";"0,00001";"0,00001";"";"";"";"0,08";"0,00001";"0,04";"0,00001";"0,1";"0,00001";"0,00001";"0,00001";"0,00001";"0,00001";"0,02";"0,00001";"0,00001";"";"0,00001";"";"";"0,02";"";"0,01";"0,01";"";"";"";"";"";"";"";"";"";"";"";"";"";"";"";"";"";"";"";"";"";"";"";""
"501";"Produtos açucarados";"Doce, de leite, cremoso";"27,5";"306";"1282";"5,5";"6";"20";"59,5";"";"1,5";"195";"16";"0,01";"141";"0,1";"120";"259";"0,02";"0,5";"36";"36";"36";"0,05";"0,26";"0,00001";"0,00001";"0,00001";"1,3";"3,9";"2";"";"";"0,73";"0,17";"0,08";"0,2";"0,13";"";"";"3,74";"0,11";"1,94";"0,01";"";"";"";"";"";"";"0,03";"0,23";"0,28";"0,56";"0,34";"0,12";"0,02";"0,23";"0,21";"0,34";"0,18";"0,07";"0,22";"0,44";"1,28";"0,09";"0,57";"0,28"
"502";"Produtos açucarados";"Geléia, mocotó, natural";"73,5";"106";"444";"2,1";"0,1";"0,00001";"24,2";"";"0,1";"4";"1";"0,00001";"0,00001";"0,1";"43";"2";"0,00001";"0,00001";"0,00001";"";"";"0,19";"0,00001";"0,22";"0,00001";"0,00001";"0,00001";"0,00001";"0,00001";"";"";"0,00001";"0,00001";"";"";"";"";"";"0,00001";"";"0,00001";"";"";"";"";"";"";"";"";"";"";"";"";"";"";"";"";"";"";"";"";"";"";"";"";""
"503";"Produtos açucarados";"Glicose de milho";"20,4";"292";"1222";"0";"0";"";"79,4";"";"0,2";"6";"2";"0,00001";"5";"0,1";"59";"5";"0,00001";"0,00001";"";"";"";"";"";"";"";"";"";"";"";"";"";"";"";"";"";"";"";"";"";"";"";"";"";"";"";"";"";"";"";"";"";"";"";"";"";"";"";"";"";"";"";"";"";"";"";""
"504";"Produtos açucarados";"Maria mole";"21,6";"301";"1260";"3,8";"0,2";"";"73,6";"0,7";"0,9";"13";"7";"0,06";"4";"0,4";"15";"24";"0,2";"0,1";"";"";"";"0,04";"0,00001";"0,00001";"0,00001";"0,00001";"";"";"";"";"";"";"";"";"";"";"";"";"";"";"";"";"";"";"";"";"";"";"";"";"";"";"";"";"";"";"";"";"";"";"";"";"";"";"";""
"505";"Produtos açucarados";"Maria mole, coco queimado";"20,7";"307";"1283";"3,9";"0,1";"";"75,1";"0,6";"0,2";"19";"6";"0,09";"5";"0,5";"14";"36";"0,03";"0,1";"";"";"";"0,04";"0,00001";"0,00001";"0,00001";"0,00001";"";"";"";"";"";"";"";"";"";"";"";"";"";"";"";"";"";"";"";"";"";"";"";"";"";"";"";"";"";"";"";"";"";"";"";"";"";"";"";""
"506";"Produtos açucarados";"Marmelada";"28,5";"257";"1076";"0,4";"0,1";"";"70,8";"4,1";"0,2";"11";"6";"0,06";"20";"0,7";"11";"83";"0,09";"0,1";"";"";"";"0,00001";"0,00001";"0,00001";"0,00001";"0,00001";"";"";"";"";"";"";"";"";"";"";"";"";"";"";"";"";"";"";"";"";"";"";"0,2";"0,02";"0";"0,01";"0,01";"0,01";"0,01";"0,01";"0,02";"0,01";"0,02";"0,04";"0,01";"0,05";"0,01";"0,02";"0,01";"0,04"
"507";"Produtos açucarados";"Mel, de abelha";"15,8";"309";"1294";"0";"0";"";"84";"";"0,1";"10";"6";"0,38";"4";"0,3";"6";"99";"0,00001";"0,2";"";"";"";"0,11";"0,00001";"0,00001";"0,00001";"0,7";"";"";"";"";"";"";"";"";"";"";"";"";"";"";"";"";"";"";"";"";"";"";"";"";"";"";"";"";"";"";"";"";"";"";"";"";"";"";"";""
"508";"Produtos açucarados";"Melado";"22,1";"297";"1241";"0";"0";"";"76,6";"";"1,3";"102";"115";"2,62";"74";"5,4";"4";"395";"0,84";"0,3";"";"";"";"0,00001";"0,05";"0,2";"0,00001";"0,00001";"";"";"";"";"";"";"";"";"";"";"";"";"";"";"";"";"";"";"";"";"";"";"";"";"";"";"";"";"";"";"";"";"";"";"";"";"";"";"";""
"509";"Produtos açucarados";"Quindim";"23,9";"411";"1721";"4,7";"24,4";"271";"46,3";"3,2";"0,6";"37";"15";"0,25";"168";"1,4";"27";"111";"0,1";"1,1";"76";"";"";"0,00001";"0,04";"0,04";"1,14";"0,00001";"11,3";"4,8";"4,7";"4,1";"1,6";"2,97";"1,47";"0,04";"0,04";"";"";"0,16";"4,55";"0,04";"4,19";"0,35";"0,11";"";"";"";"0,05";"";"0,07";"0,21";"0,23";"0,42";"0,33";"0,1";"0,03";"0,2";"0,16";"0,26";"0,48";"0,06";"0,31";"0,36";"0,75";"0,16";"0,22";"0,36"
"510";"Produtos açucarados";"Rapadura";"7,1";"352";"1473";"1";"0,1";"";"90,8";"";"1,1";"30";"47";"1,66";"21";"4,4";"22";"459";"0,17";"0,6";"";"";"";"0,00001";"0,00001";"0,04";"0,00001";"0,00001";"";"";"";"";"";"";"";"";"";"";"";"";"";"";"";"";"";"";"";"";"";"";"0,02";"0,02";"0";"0,01";"0,01";"0,01";"0,02";"0,01";"0,03";"0,01";"0,03";"0,06";"0";"0,16";"0,04";"0,02";"0,02";"0,05"
"511";"Miscelâneas";"Café, pó, torrado";"2,9";"419";"1752";"14,7";"11,9";"";"65,8";"51,2";"4,7";"107";"165";"2,58";"169";"8,1";"1";"1609";"1,3";"0,5";"";"";"";"0,00001";"0,00001";"0,00001";"11,89";"0,00001";"5,3";"1,1";"4,9";"";"0,01";"4,04";"0,95";"0,29";"0,06";"";"";"0,01";"1,11";"0,02";"4,82";"0,11";"";"";"";"";"";"";"";"";"";"";"";"";"";"";"";"";"";"";"";"";"";"";"";""
"512";"Miscelâneas";"Capuccino, pó";"2,6";"417";"1746";"11,3";"8,6";"29";"73,6";"2,4";"3,8";"467";"71";"0,17";"358";"2,3";"382";"886";"0,00001";"1,1";"52";"";"";"0,00001";"1,41";"0,00001";"0,00001";"0,00001";"4";"1,6";"0,1";"0,27";"0,59";"1,73";"0,95";"0,02";"0,02";"";"0,05";"0,1";"1,5";"";"0,11";"0,04";"";"";"";"";"0,55";"0,04";"";"";"";"";"";"";"";"";"";"";"";"";"";"";"";"";"";""
"513";"Miscelâneas";"Fermento em pó, químico";"7,1";"90";"375";"0,5";"0,1";"";"43,9";"";"48,5";"";"";"";"";"";"10052";"";"";"";"";"";"";"";"";"";"";"";"";"";"";"";"";"";"";"";"";"";"";"";"";"";"";"";"";"";"";"";"";"";"";"";"";"";"";"";"";"";"";"";"";"";"";"";"";"";"";""
"514";"Miscelâneas";"Fermento, biológico, levedura, tablete";"71,9";"90";"376";"17";"1,5";"";"7,7";"4,2";"1,9";"18";"38";"0,2";"419";"2,6";"40";"576";"0,29";"11";"";"";"";"0,3";"0,36";"0,00001";"0,00001";"0,00001";"";"";"";"";"";"";"";"";"";"";"";"";"";"";"";"";"";"";"";"";"";"";"";"";"";"";"";"";"";"";"";"";"";"";"";"";"";"";"";""
"515";"Miscelâneas";"Gelatina, sabores variados, pó";"1,2";"380";"1591";"8,9";"0,00001";"";"89,2";"";"0,6";"27";"2";"0,03";"2";"0,3";"235";"7";"0,00001";"0,00001";"";"";"";"0,00001";"0,00001";"0,00001";"0,00001";"40";"";"";"";"";"";"";"";"";"";"";"";"";"";"";"";"";"";"";"";"";"";"";"";"";"";"";"";"";"";"";"";"";"";"";"";"";"";"";"";""
"516";"Miscelâneas";"Sal, dietético";"0,6";"";"";"";"";"";"";"";"99,4";"";"";"";"";"";"23432";"20468";"";"";"";"";"";"";"";"";"";"";"";"";"";"";"";"";"";"";"";"";"";"";"";"";"";"";"";"";"";"";"";"";"";"";"";"";"";"";"";"";"";"";"";"";"";"";"";"";"";""
"517";"Miscelâneas";"Sal, grosso";"0,4";"";"";"";"";"";"";"";"";"";"";"";"";"";"39943";"";"";"";"";"";"";"";"";"";"";"";"";"";"";"";"";"";"";"";"";"";"";"";"";"";"";"";"";"";"";"";"";"";"";"";"";"";"";"";"";"";"";"";"";"";"";"";"";"";"";""
"518";"Miscelâneas";"Shoyu";"70,6";"61";"255";"3,3";"0,3";"";"11,6";"";"14,1";"15";"24";"0,07";"47";"0,5";"5024";"165";"0,00001";"0,2";"";"";"";"0,83";"0,06";"0,15";"2,1";"0,00001";"0,00001";"0,00001";"0,00001";"0,00001";"0,00001";"0,00001";"0,00001";"";"0,00001";"";"";"";"0,01";"";"0,01";"0,00001";"";"";"";"";"";"";"";"";"";"";"";"";"";"";"";"";"";"";"";"";"";"";"";""
"519";"Miscelâneas";"Tempero a base de sal";"7,7";"21";"89";"2,7";"0,3";"";"2,1";"0,6";"87,3";"";"";"";"";"";"32560";"";"";"";"";"";"";"";"";"";"";"";"";"";"";"";"";"";"";"";"";"";"";"";"";"";"";"";"";"";"";"";"";"";"";"";"";"";"";"";"";"";"";"";"";"";"";"";"";"";"";""
"520";"Outros alimentos industrializados";"Azeitona, preta, conserva";"68,5";"194";"812";"1,2";"20,3";"";"5,5";"4,6";"4,5";"59";"5";"0,06";"16";"5,5";"1567";"79";"0,25";"0,3";"";"";"";"0,00001";"0,00001";"0,04";"0,00001";"0,00001";"3,5";"11";"3";"";"";"2,87";"0,47";"0,08";"0,02";"0,01";"";"0,29";"10,57";"0,04";"2,77";"0,19";"";"";"";"";"";"";"";"";"";"";"";"";"";"";"";"";"";"";"";"";"";"";"";""
"521";"Outros alimentos industrializados";"Azeitona, verde, conserva";"76,3";"137";"573";"0,9";"14,2";"";"4,1";"3,8";"4,5";"46";"4";"0,03";"5";"0,2";"1347";"20";"0,14";"0,1";"";"";"";"0,00001";"0,00001";"0,00001";"0,00001";"0,00001";"2,3";"8,3";"1";"";"";"1,93";"0,29";"0,05";"0,01";"0,01";"";"0,18";"8,07";"0,03";"0,91";"0,13";"";"";"";"";"";"";"";"";"";"";"";"";"";"";"";"";"";"";"";"";"";"";"";""
"522";"Outros alimentos industrializados";"Chantilly, spray, com gordura vegetal";"55,1";"315";"1318";"0,5";"27,3";"0,00001";"16,9";"";"0,2";"2";"1";"0,00001";"16";"0,00001";"110";"5";"0,01";"0,1";"0,00001";"";"";"0,07";"0,00001";"0,00001";"0,00001";"";"25,9";"0,1";"0,1";"10,7";"3,64";"2,63";"7,46";"0,08";"";"0,03";"";"";"0,05";"0,00001";"0,08";"";"";"";"";"";"";"";"";"";"";"";"";"";"";"";"";"";"";"";"";"";"";"";"";""
"523";"Outros alimentos industrializados";"Leite, de coco";"78";"166";"695";"1";"18,4";"";"2,2";"0,7";"0,4";"6";"17";"0,24";"26";"0,5";"44";"144";"0,16";"0,3";"";"";"";"0,00001";"0,00001";"0,00001";"0,00001";"0,00001";"15,6";"0,9";"0,2";"8,25";"2,99";"1,33";"0,51";"0,01";"";"";"";"";"0,92";"";"0,17";"";"";"";"";"";"";"";"";"";"";"";"";"";"";"";"";"";"";"";"";"";"";"";"";""
"524";"Outros alimentos industrializados";"Maionese, tradicional com ovos";"58,4";"302";"1264";"0,6";"30,5";"42";"7,9";"";"2,6";"3";"1";"0,00001";"14";"0,1";"787";"16";"0,00001";"0,1";"8";"";"";"0,00001";"0,05";"0,00001";"0,00001";"0,00001";"4,1";"6,4";"15,4";"";"0,02";"2,84";"0,37";"0,08";"0,11";"0,04";"";"0,04";"6,24";"0,14";"13,86";"1,43";"";"";"";"";"";"0,17";"";"";"";"";"";"";"";"";"";"";"";"";"";"";"";"";"";""
"525";"Alimentos preparados";"Acarajé";"50,5";"289";"1210";"8,3";"19,9";"25";"19,1";"9,4";"2,1";"124";"51";"0,59";"142";"1,9";"305";"354";"0,23";"1,2";"0,00001";"";"";"0,06";"0,00001";"0,00001";"0,00001";"";"9,1";"7,8";"2,1";"0,1";"0,16";"7,71";"1,05";"0,07";"0,02";"";"";"";"7,81";"";"2,01";"0,12";"";"";"";"";"";"";"";"";"";"";"";"";"";"";"";"";"";"";"";"";"";"";"";""
"526";"Alimentos preparados";"Arroz carreteiro";"68";"154";"643";"10,8";"7,1";"36";"11,6";"1,5";"2,4";"13";"9";"0,18";"48";"1";"1622";"87";"0,08";"2,7";"0,00001";"";"";"0,03";"0,00001";"0,07";"1,6";"";"3,2";"3";"0,2";"";"0,19";"1,61";"1,29";"0,01";"";"";"0,04";"0,24";"2,64";"0,01";"0,16";"0,03";"0,01";"";"0,01";"";"0,18";"0,03";"";"";"";"";"";"";"";"";"";"";"";"";"";"";"";"";"";""
"527";"Alimentos preparados";"Baião de dois, arroz e feijão-de-corda";"69,1";"136";"568";"6,2";"3,2";"4";"20,4";"5,1";"1,1";"33";"19";"0,27";"72";"0,6";"93";"157";"0,08";"0,6";"0,00001";"";"";"0,04";"0,00001";"0,04";"0,00001";"0,00001";"0,6";"1";"1,5";"";"0,00001";"0,42";"0,13";"0,01";"0,01";"0,00001";"";"0,02";"0,95";"0,00001";"1,36";"0,13";"0,00001";"0,00001";"";"0,00001";"";"0,01";"";"";"";"";"";"";"";"";"";"";"";"";"";"";"";"";"";""
"528";"Alimentos preparados";"Barreado";"71,2";"165";"690";"18,3";"9,5";"60";"0,2";"0,1";"0,8";"15";"21";"0,05";"169";"2,4";"48";"295";"0,17";"4,8";"0,00001";"";"";"0,03";"0,04";"0,00001";"2,09";"0,00001";"3,3";"4,3";"1,4";"";"0,12";"2,05";"1,11";"0,00001";"";"";"";"0,2";"3,96";"0,05";"1,24";"0,06";"0,05";"0,00001";"0,02";"";"0,06";"";"";"";"";"";"";"";"";"";"";"";"";"";"";"";"";"";"";""
"529";"Alimentos preparados";"Bife à cavalo, com contra filé";"54,2";"291";"1219";"23,7";"21,1";"257";"0";"";"1,1";"26";"19";"0,02";"216";"2,1";"83";"272";"0,06";"3,2";"37";"";"";"0,05";"0,1";"0,00001";"2,92";"";"7,9";"8,2";"3,3";"";"0,38";"4,59";"2,63";"0,03";"0,03";"";"0,1";"0,57";"7,32";"0,05";"2,88";"0,26";"0,07";"";"0,02";"0,02";"0,4";"";"";"";"";"";"";"";"";"";"";"";"";"";"";"";"";"";"";""
"530";"Alimentos preparados";"Bolinho de arroz";"41,5";"274";"1144";"8";"8,3";"70";"41,7";"2,7";"0,5";"24";"13";"0,42";"87";"2,1";"59";"96";"0,13";"0,9";"0,00001";"";"";"0,08";"0,05";"0,00001";"0,00001";"0,00001";"1,8";"2,5";"3,5";"";"0,02";"1,26";"0,44";"0,02";"0,03";"0,02";"";"0,05";"2,39";"0,05";"3,22";"0,24";"0,04";"";"0,00001";"0,00001";"0,00001";"0,06";"";"";"";"";"";"";"";"";"";"";"";"";"";"";"";"";"";""
"531";"Alimentos preparados";"Camarão à baiana";"82";"101";"422";"7,9";"6";"117";"3,2";"0,4";"0,9";"43";"15";"0,11";"244";"1,4";"85";"139";"0,07";"0,5";"0,00001";"";"";"0,00001";"0,00001";"0,00001";"0,31";"4,1";"1,6";"0,9";"1,5";"1,35";"0,62";"0,72";"0,27";"0,02";"0,02";"";"";"0,01";"0,89";"";"1,33";"0,13";"0,01";"0,03";"";"0,03";"";"";"";"";"";"";"";"";"";"";"";"";"";"";"";"";"";"";"";""
"532";"Alimentos preparados";"Charuto, de repolho";"81,5";"78";"327";"6,8";"1,1";"21";"10,1";"1,5";"0,4";"23";"13";"0,22";"68";"0,9";"12";"184";"1,45";"1,8";"0,00001";"";"";"0,03";"0,00001";"0,00001";"0,32";"4,8";"0,5";"0,5";"0,1";"";"0,02";"0,24";"0,2";"";"";"";"";"0,03";"0,44";"";"0,08";"0,02";"";"";"";"";"0,03";"";"";"";"";"";"";"";"";"";"";"";"";"";"";"";"";"";"";""
"533";"Alimentos preparados";"Cuscuz, de milho, cozido com sal";"71,1";"113";"475";"2,2";"0,7";"";"25,3";"2,1";"0,7";"2";"3";"0,02";"23";"0,2";"248";"11";"0,00001";"0,2";"0,00001";"";"";"0,00001";"0,00001";"0,06";"0,00001";"0,00001";"0,2";"0,2";"0,3";"";"";"0,15";"0,02";"0,00001";"";"";"";"";"0,22";"";"0,26";"0,00001";"";"";"";"";"";"";"";"";"";"";"";"";"";"";"";"";"";"";"";"";"";"";"";""
"534";"Alimentos preparados";"Cuscuz, paulista";"68,9";"142";"595";"2,6";"4,6";"15";"22,5";"2,4";"1,3";"14";"5";"0,06";"26";"0,3";"236";"53";"0,05";"0,2";"0,00001";"";"";"0,00001";"0,00001";"0,00001";"0,93";"0,00001";"1,8";"1,8";"0,8";"0,03";"0,15";"1,12";"0,41";"0,01";"0,02";"0,01";"0,01";"0,07";"1,64";"";"0,69";"0,1";"0,00001";"";"";"";"0,04";"0,00001";"";"";"";"";"";"";"";"";"";"";"";"";"";"";"";"";"";""
"535";"Alimentos preparados";"Cuxá, molho";"81";"80";"335";"5,6";"3,6";"58";"5,7";"3";"4";"105";"34";"0,23";"111";"0,9";"1344";"124";"0,17";"0,6";"0,00001";"33";"16";"0,04";"0,00001";"0,03";"1,1";"10,3";"0,6";"1,3";"1,5";"";"0";"0,37";"0,18";"0,02";"0,01";"0";"";"0,01";"1,25";"0,01";"1,44";"0,06";"0,00001";"0,02";"";"0,02";"";"0,02";"";"";"";"";"";"";"";"";"";"";"";"";"";"";"";"";"";""
"536";"Alimentos preparados";"Dobradinha";"75,3";"125";"521";"19,8";"4,4";"144";"0";"";"0,3";"11";"8";"0,11";"57";"1";"29";"58";"0,06";"2,7";"0,00001";"";"";"0,00001";"0,00001";"0,00001";"4,27";"";"2,5";"1,2";"0,1";"0,00001";"0,11";"1,06";"1,19";"0,02";"0,02";"0,01";"0,00001";"0,09";"1,11";"0,00001";"0,07";"0,01";"0,03";"";"0,02";"";"0,18";"0,02";"";"";"";"";"";"";"";"";"";"";"";"";"";"";"";"";"";""
"537";"Alimentos preparados";"Estrogonofe de carne";"70,1";"173";"724";"15";"10,8";"66";"3";"";"1,1";"28";"22";"0,03";"186";"2,7";"123";"322";"0,14";"2";"28";"";"";"0,06";"0,05";"0,00001";"3,25";"0,00001";"5,3";"3,3";"0,9";"0,12";"0,65";"2,81";"1,57";"0,02";"0,02";"";"0,04";"0,19";"3";"0,02";"0,74";"0,08";"0,02";"";"0,01";"";"0,26";"0,01";"";"";"";"";"";"";"";"";"";"";"";"";"";"";"";"";"";""
"538";"Alimentos preparados";"Estrogonofe de frango";"70,9";"157";"656";"17,6";"8";"80";"2,6";"";"1";"26";"25";"0,03";"195";"1,5";"99";"307";"0,12";"0,6";"28";"";"";"0,07";"0,04";"0,03";"3,37";"0,00001";"3,7";"2,2";"1";"0,12";"0,54";"2,09";"0,93";"0,02";"0,01";"0,00001";"0,03";"0,1";"2,05";"0,02";"0,91";"0,07";"0,04";"";"0,00001";"";"0,19";"0,01";"";"";"";"";"";"";"";"";"";"";"";"";"";"";"";"";"";""
"539";"Alimentos preparados";"Feijão tropeiro mineiro";"61,7";"152";"634";"10,2";"6,8";"68";"19,6";"3,6";"1,8";"41";"36";"0,38";"199";"2,2";"365";"349";"0,22";"1,4";"9";"";"";"0,00001";"0,00001";"0,00001";"1,44";"0,00001";"2,2";"2,9";"1,5";"";"0,06";"1,39";"0,67";"";"";"";"";"0,13";"2,69";"0,04";"1,25";"0,19";"0,05";"";"";"";"";"";"";"";"";"";"";"";"";"";"";"";"";"";"";"";"";"";"";""
"540";"Alimentos preparados";"Feijoada";"71,8";"117";"489";"8,7";"6,5";"22";"11,6";"5,1";"1,4";"32";"32";"0,24";"105";"1,3";"278";"303";"0,15";"0,8";"0,00001";"";"";"0,08";"0,03";"0,00001";"0,93";"0,00001";"1,9";"2,6";"1,6";"";"0,07";"1,25";"0,58";"";"";"";"";"0,13";"2,41";"0,04";"1,35";"0,18";"0,02";"";"";"";"";"";"";"";"";"";"";"";"";"";"";"";"";"";"";"";"";"";"";""
"541";"Alimentos preparados";"Frango, com açafrão";"79,5";"113";"472";"9,7";"6,2";"50";"4,1";"0,2";"0,5";"13";"16";"0,09";"167";"0,8";"29";"256";"0,02";"0,5";"8";"";"";"0,03";"0,00001";"0,00001";"1,64";"5,3";"1,6";"2,5";"1,8";"";"0,03";"1,24";"0,34";"0,00001";"0,00001";"";"0,00001";"0,26";"2,23";"0,02";"1,57";"0,11";"0,03";"";"0,00001";"";"0,01";"";"";"";"";"";"";"";"";"";"";"";"";"";"";"";"";"";"";""
"542";"Alimentos preparados";"Macarrão, molho bolognesa";"71,4";"120";"500";"4,9";"0,9";"7";"22,5";"0,8";"0,2";"11";"10";"0,22";"54";"1,4";"9";"84";"0,09";"0,8";"0,00001";"";"";"0,04";"0,00001";"0,00001";"1,44";"0,00001";"0,3";"0,3";"0,3";"";"0,00001";"0,21";"0,07";"0,00001";"0,00001";"";"";"0,01";"0,25";"0,00001";"0,28";"0,01";"";"0,00001";"";"";"0,00001";"0,00001";"";"";"";"";"";"";"";"";"";"";"";"";"";"";"";"";"";""
"543";"Alimentos preparados";"Maniçoba";"76,4";"134";"562";"10";"8,7";"43";"3,4";"2,2";"1,5";"66";"24";"0,6";"55";"3,2";"407";"148";"0,16";"2";"0,00001";"222";"111";"0,04";"0,07";"0,05";"2,58";"0,00001";"2,9";"3,7";"1,7";"";"0,08";"1,73";"1,01";"0,02";"0,01";"";"";"0,16";"3,42";"0,08";"1,41";"0,16";"0,04";"";"";"";"0,04";"";"";"";"";"";"";"";"";"";"";"";"";"";"";"";"";"";"";""
"544";"Alimentos preparados";"Quibebe";"81,1";"86";"361";"8,6";"2,7";"";"6,6";"1,7";"1";"8";"10";"0,05";"43";"0,8";"247";"153";"0,61";"1,6";"0,00001";"105";"52";"0,00001";"0,03";"0,04";"";"0,00001";"1";"1,1";"0,2";"";"0,08";"0,61";"0,32";"0,00001";"";"0,00001";"0,03";"0,11";"0,95";"0,00001";"0,18";"0,06";"0,00001";"0,00001";"0,00001";"";"0,06";"0,00001";"";"";"";"";"";"";"";"";"";"";"";"";"";"";"";"";"";""
"545";"Alimentos preparados";"Salada, de legumes, com maionese";"82";"96";"402";"1,1";"7";"7";"8,9";"2,2";"0,9";"12";"9";"0,1";"22";"0,2";"228";"141";"0,04";"0,2";"0,00001";"283";"141";"0,04";"0,00001";"0,04";"0,00001";"0,00001";"1,1";"1,8";"3,8";"";"";"0,79";"0,26";"0,02";"0,03";"0,00001";"";"0,00001";"1,75";"0,02";"3,46";"0,36";"";"";"";"";"";"0,01";"";"";"";"";"";"";"";"";"";"";"";"";"";"";"";"";"";""
"546";"Alimentos preparados";"Salada, de legumes, cozida no vapor";"90";"35";"148";"2";"0,3";"";"7,1";"2,5";"0,6";"33";"19";"0,24";"45";"0,4";"3";"244";"0,17";"0,3";"";"510";"255";"0,05";"0,03";"0,03";"0,00001";"29,4";"0,1";"0,00001";"0,2";"";"";"0,05";"0,01";"0,00001";"";"";"";"0,00001";"0,02";"";"0,07";"0,08";"";"";"";"";"";"";"";"";"";"";"";"";"";"";"";"";"";"";"";"";"";"";"";""
"547";"Alimentos preparados";"Salpicão, de frango";"72,5";"148";"619";"13,9";"7,8";"53";"4,6";"0,4";"1,1";"9";"13";"0,03";"103";"0,3";"248";"149";"0,08";"0,4";"0,00001";"15";"7";"0,05";"0,00001";"0,00001";"1,48";"9,3";"1,3";"2,1";"4";"";"0,00001";"0,93";"0,34";"0,02";"0,04";"0,02";"";"0,04";"2,02";"0,02";"3,6";"0,36";"0,04";"";"";"";"";"0,02";"";"";"";"";"";"";"";"";"";"";"";"";"";"";"";"";"";""
"548";"Alimentos preparados";"Sarapatel";"75";"123";"515";"18,5";"4,4";"315";"1,1";"";"1,1";"12";"13";"0,1";"164";"7,2";"216";"199";"1,48";"1,8";"1464";"";"";"0,00001";"0,11";"0,00001";"3,84";"0,00001";"1,4";"1,1";"0,7";"";"0,02";"0,76";"0,56";"0,02";"0,01";"0,02";"";"0,03";"1,04";"0,01";"0,61";"0,03";"0,04";"0,00001";"";"";"0,00001";"";"";"";"";"";"";"";"";"";"";"";"";"";"";"";"";"";"";""
"549";"Alimentos preparados";"Tabule";"85,8";"57";"240";"2";"1,2";"";"10,6";"2,1";"0,4";"19";"18";"0,37";"35";"0,6";"1";"188";"0,12";"0,6";"";"";"";"0,03";"0,00001";"0,00001";"0,6";"16,2";"0,2";"0,8";"0,2";"";"";"0,18";"0,03";"";"";"";"";"0,01";"0,82";"";"0,2";"0,03";"";"";"";"";"";"";"";"";"";"";"";"";"";"";"";"";"";"";"";"";"";"";"";""
"550";"Alimentos preparados";"Tacacá";"85,2";"47";"196";"7";"0,4";"71";"3,4";"0,2";"4,1";"45";"30";"0,12";"89";"0,9";"1349";"240";"0,22";"0,8";"0,00001";"35";"18";"0,05";"0,00001";"0,00001";"";"0,00001";"0,2";"0,1";"0,00001";"";"0";"0,1";"0,05";"0";"0,01";"";"";"0,01";"0,12";"0,00001";"0,03";"";"";"";"";"";"";"";"";"";"";"";"";"";"";"";"";"";"";"";"";"";"";"";"";""
"551";"Alimentos preparados";"Tapioca, com manteiga";"24,9";"348";"1455";"0,1";"10,9";"31";"63,6";"0,00001";"0,5";"30";"3";"0,06";"8";"0,2";"158";"19";"0,01";"0";"75";"";"";"0,00001";"0,00001";"0,00001";"0,00001";"0,00001";"6";"3";"0,2";"0,25";"1,08";"3,38";"1,38";"0,02";"";"";"0,08";"0,18";"2,64";"0,02";"0,17";"0,02";"";"";"";"";"0,3";"0,03";"";"";"";"";"";"";"";"";"";"";"";"";"";"";"";"";"";""
"552";"Alimentos preparados";"Tucupi, com pimenta-de-cheiro";"91,9";"27";"114";"2,1";"0,3";"";"4,7";"0,2";"1";"28";"42";"0,52";"31";"1,1";"5";"391";"0,12";"0,9";"";"51";"25";"0,00001";"0,00001";"0,05";"0,00001";"46,4";"0,1";"0,1";"0,00001";"";"";"0,06";"0,00001";"";"0,00001";"";"";"";"0,15";"0,00001";"0,04";"0,00001";"";"";"";"";"";"";"";"";"";"";"";"";"";"";"";"";"";"";"";"";"";"";"";""
"553";"Alimentos preparados";"Vaca atolada";"75";"145";"606";"5,1";"9,3";"19";"10,1";"2,3";"0,5";"63";"16";"0,04";"72";"0,7";"26";"220";"0,12";"1,2";"0,00001";"";"";"0,00001";"0,00001";"0,00001";"0,77";"0,00001";"4,1";"3,2";"1,2";"";"0,29";"2,1";"1,57";"0,02";"0,00001";"";"0,04";"0,21";"2,81";"0,02";"1,11";"0,12";"";"";"";"";"0,21";"";"";"";"";"";"";"";"";"";"";"";"";"";"";"";"";"";"";""
"554";"Alimentos preparados";"Vatapá";"58,4";"255";"1066";"6";"23,2";"44";"9,7";"1,7";"2,7";"47";"39";"0,48";"108";"1,4";"880";"209";"0,28";"0,9";"0,00001";"";"";"0,00001";"0,00001";"0,00001";"1,8";"0,00001";"7,5";"9,7";"4,7";"0,04";"0,34";"4,6";"2,42";"0,04";"";"";"";"0,34";"9,07";"0,17";"4,21";"0,3";"0,06";"";"";"";"0,15";"";"";"";"";"";"";"";"";"";"";"";"";"";"";"";"";"";"";""
"555";"Alimentos preparados";"Virado à paulista";"48,6";"307";"1284";"10,2";"25,6";"66";"14,1";"2,2";"1,5";"41";"22";"0,15";"135";"1,1";"346";"237";"0,07";"1";"10";"";"";"0,14";"0,05";"0,00001";"2,6";"0,00001";"8,3";"10,6";"5,1";"0,05";"0,37";"5,12";"2,64";"0,05";"";"";"";"0,44";"9,85";"0,19";"4,57";"0,32";"0,07";"";"";"";"0,17";"";"";"";"";"";"";"";"";"";"";"";"";"";"";"";"";"";"";""
"556";"Alimentos preparados";"Yakisoba";"69,4";"113";"472";"7,5";"2,6";"";"18,3";"1,1";"2,2";"14";"13";"0,15";"83";"0,6";"794";"159";"0,06";"0,7";"";"62";"31";"0,16";"0,00001";"0,00001";"2,09";"0,00001";"0,6";"0,9";"1";"";"0,00001";"0,39";"0,19";"0,00001";"";"";"";"0,03";"0,84";"0,00001";"0,94";"0,05";"";"0,00001";"";"";"0,01";"";"";"";"";"";"";"";"";"";"";"";"";"";"";"";"";"";"";""
"557";"Leguminosas e derivados";"Amendoim, grão, cru";"6,4";"544";"2276";"27,2";"43,9";"";"20,3";"8";"2,2";"0,00001";"171";"1,96";"407";"2,5";"0,00001";"580";"0,78";"3,2";"";"";"";"0,1";"0,03";"0,76";"10,18";"0,00001";"8,7";"17,2";"16,2";"";"";"4,85";"1,21";"0,56";"1,36";"0,66";"";"0,03";"16,67";"0,45";"16,17";"0,04";"";"";"";"";"";"";"";"";"";"";"";"";"";"";"";"";"";"";"";"";"";"";"";""
"558";"Leguminosas e derivados";"Amendoim, torrado, salgado";"1,7";"606";"2535";"22,5";"54";"";"18,7";"7,8";"3,2";"39";"159";"1,7";"261";"1,3";"376";"496";"0,68";"2,1";"";"";"";"0,08";"0,00001";"0,21";"7,47";"0,00001";"9,7";"29,1";"14,2";"";"0,04";"5,28";"1,28";"0,63";"1,52";"0,94";"";"";"28,15";"0,79";"14,18";"0,06";"";"";"";"";"";"";"";"";"";"";"";"";"";"";"";"";"";"";"";"";"";"";"";""
"559";"Leguminosas e derivados";"Ervilha, em vagem";"76,8";"88";"367";"7,5";"0,5";"";"14,2";"9,7";"1";"24";"42";"0,4";"152";"1,4";"0,00001";"311";"0,2";"1,2";"";"";"";"0,27";"0,07";"0,06";"1,16";"12,4";"0,00001";"0,1";"0,3";"";"0,00001";"";"0,02";"0,00001";"0,00001";"0,01";"";"0,00001";"0,08";"0,00001";"0,27";"0,04";"";"";"";"";"";"";"";"";"";"";"";"";"";"";"";"";"";"";"";"";"";"";"";""
"560";"Leguminosas e derivados";"Ervilha, enlatada, drenada";"80,1";"74";"309";"4,6";"0,4";"";"13,4";"5,1";"1,4";"22";"23";"0,46";"79";"1,4";"372";"147";"0,14";"0,9";"";"9";"5";"0,07";"0,03";"0,00001";"0,00001";"";"0,1";"0,1";"0,2";"";"0,00001";"0,06";"0,02";"0,00001";"0,00001";"0,00001";"";"";"0,1";"0,00001";"0,15";"0,02";"";"";"";"";"";"";"";"";"";"";"";"";"";"";"";"";"";"";"";"";"";"";"";""
"561";"Leguminosas e derivados";"Feijão, carioca, cozido";"80,4";"76";"320";"4,8";"0,5";"";"13,6";"8,5";"0,7";"27";"42";"0,28";"87";"1,3";"2";"255";"0,19";"0,7";"";"";"";"0,04";"0,00001";"0,00001";"0,00001";"0,00001";"0,1";"0,1";"0,3";"";"";"0,11";"0,02";"0,00001";"0,00001";"0,01";"";"0,00001";"0,08";"";"0,16";"0,14";"";"";"";"";"";"";"";"";"";"";"";"";"";"";"";"";"";"";"";"";"";"";"";""
"562";"Leguminosas e derivados";"Feijão, carioca, cru";"14";"329";"1377";"20";"1,3";"";"61,2";"18,4";"3,5";"123";"210";"1,02";"385";"8";"0,00001";"1352";"0,79";"2,9";"";"";"";"0,17";"0,00001";"0,65";"4,02";"";"0,2";"0,1";"0,9";"";"";"0,14";"0,03";"0,00001";"0,01";"0,01";"";"";"0,11";"";"0,4";"0,49";"";"";"";"";"";"";"";"";"";"";"";"";"";"";"";"";"";"";"";"";"";"";"";""
"563";"Leguminosas e derivados";"Feijão, fradinho, cozido";"80";"78";"326";"5,1";"0,6";"";"13,5";"7,5";"0,8";"17";"38";"0,53";"85";"1,1";"1";"253";"0,1";"1,1";"";"";"";"0,12";"0,00001";"0,00001";"0,00001";"0,00001";"0,2";"0,1";"0,3";"";"0,00001";"0,18";"0,03";"0,01";"0,02";"0,01";"";"0,00001";"0,05";"0,00001";"0,21";"0,1";"";"";"";"";"";"";"";"";"";"";"";"";"";"";"";"";"";"";"";"";"";"";"";""
"564";"Leguminosas e derivados";"Feijão, fradinho, cru";"12,7";"339";"1419";"20,2";"2,4";"";"61,2";"23,6";"3,5";"78";"178";"1,43";"355";"5,1";"10";"1083";"0,7";"3,9";"";"";"";"0,14";"0,03";"0,26";"0,00001";"0,00001";"0,7";"0,2";"0,9";"0,00001";"0,00001";"0,5";"0,08";"0,02";"0,04";"0,03";"";"";"0,15";"0,01";"0,58";"0,28";"";"";"";"";"";"";"";"";"";"";"";"";"";"";"";"";"";"";"";"";"";"";"";""
"565";"Leguminosas e derivados";"Feijão, jalo, cozido";"75,8";"93";"388";"6,1";"0,5";"";"16,5";"13,9";"1";"29";"44";"0,32";"121";"1,9";"1";"348";"0,24";"1";"";"";"";"0,13";"0,00001";"0,04";"0,00001";"0,00001";"0,1";"0,1";"0,3";"";"0,00001";"0,1";"0,01";"0,00001";"0,00001";"0,01";"";"0,00001";"0,06";"";"0,11";"0,2";"";"";"";"";"";"";"";"";"";"";"";"";"";"";"";"";"";"";"";"";"";"";"";""
"566";"Leguminosas e derivados";"Feijão, jalo, cru";"13,5";"328";"1372";"20,1";"0,9";"";"61,5";"30,3";"3,9";"98";"170";"0,99";"427";"7";"25";"1276";"0,95";"3";"";"";"";"0,1";"0,00001";"0,12";"0,00001";"0,00001";"0,3";"0,2";"0,6";"";"0,00001";"0,25";"0,03";"0,00001";"0,01";"0,01";"";"0,00001";"0,15";"";"0,23";"0,41";"";"";"";"";"";"";"";"";"";"";"";"";"";"";"";"";"";"";"";"";"";"";"";""
"567";"Leguminosas e derivados";"Feijão, preto, cozido";"80,2";"77";"322";"4,5";"0,5";"";"14";"8,4";"0,8";"29";"40";"0,37";"88";"1,5";"2";"256";"0,2";"0,7";"";"";"";"0,06";"0,00001";"0,03";"0,00001";"0,00001";"0,1";"0,1";"0,3";"";"";"0,11";"0,02";"0,00001";"0,01";"0,01";"";"";"0,09";"";"0,16";"0,11";"";"";"";"";"";"";"";"";"";"";"";"";"";"";"";"";"";"";"";"";"";"";"";""
"568";"Leguminosas e derivados";"Feijão, preto, cru";"14,9";"324";"1354";"21,3";"1,2";"";"58,8";"21,8";"3,8";"111";"188";"1,32";"471";"6,5";"0,00001";"1416";"0,83";"2,9";"";"";"";"0,12";"0,00001";"0,59";"4,6";"";"0,2";"0,1";"0,8";"";"0,00001";"0,15";"0,03";"0,01";"0,01";"0,01";"0,00001";"0,00001";"0,13";"";"0,38";"0,47";"";"";"";"";"";"";"";"";"";"";"";"";"";"";"";"";"";"";"";"";"";"";"";""
"569";"Leguminosas e derivados";"Feijão, rajado, cozido";"77,9";"85";"354";"5,5";"0,4";"";"15,3";"9,3";"0,9";"29";"42";"0,29";"113";"1,4";"1";"315";"0,23";"0,9";"";"";"";"0,09";"0,00001";"0,04";"0,00001";"0,00001";"0,1";"0,00001";"0,2";"";"0,00001";"0,1";"0,02";"0,00001";"0,00001";"0,00001";"";"0,00001";"0,03";"";"0,09";"0,13";"";"";"";"";"";"";"";"";"";"";"";"";"";"";"";"";"";"";"";"";"";"";"";""
"570";"Leguminosas e derivados";"Feijão, rajado, cru";"15";"326";"1363";"17,3";"1,2";"";"62,9";"24";"3,7";"111";"170";"1,17";"335";"18,6";"14";"1135";"0,84";"2,6";"";"";"";"0,07";"0,03";"0,07";"0,00001";"0,00001";"0,4";"0,1";"0,8";"";"0,00001";"0,3";"0,04";"0,01";"0,01";"0,01";"";"0,00001";"0,14";"";"0,29";"0,46";"";"";"";"";"";"";"";"";"";"";"";"";"";"";"";"";"";"";"";"";"";"";"";""
"571";"Leguminosas e derivados";"Feijão, rosinha, cozido";"82,6";"68";"284";"4,5";"0,5";"";"11,8";"4,8";"0,6";"19";"43";"0,46";"90";"1,2";"2";"241";"0,09";"1,3";"";"";"";"0,00001";"0,00001";"0,00001";"3,69";"0,00001";"0,2";"0,00001";"0,2";"";"0,00001";"0,12";"0,02";"0,01";"0,02";"0,01";"";"0,00001";"0,04";"0,00001";"0,16";"0,07";"";"";"";"";"";"";"";"";"";"";"";"";"";"";"";"";"";"";"";"";"";"";"";""
"572";"Leguminosas e derivados";"Feijão, rosinha, cru";"12";"337";"1410";"20,9";"1,3";"";"62,2";"20,6";"3,6";"68";"184";"1,08";"394";"5,3";"24";"1109";"0,6";"4";"";"";"";"0,16";"0,03";"0,00001";"3,92";"0,00001";"0,6";"0,1";"0,7";"";"0,00001";"0,28";"0,05";"0,01";"0,03";"0,02";"";"";"0,09";"0,01";"0,33";"0,14";"";"";"";"";"";"";"";"";"";"";"";"";"";"";"";"";"";"";"";"";"";"";"";""
"573";"Leguminosas e derivados";"Feijão, roxo, cozido";"80";"77";"322";"5,7";"0,5";"";"12,9";"11,5";"0,8";"23";"34";"0,32";"106";"1,4";"1";"268";"0,22";"1";"";"";"";"0,15";"0,00001";"0,03";"0,00001";"0,00001";"0,1";"0,1";"0,3";"";"0,00001";"0,1";"0,01";"0,00001";"0,00001";"0,00001";"";"0,00001";"0,06";"0,00001";"0,14";"0,19";"";"";"";"";"";"";"";"";"";"";"";"";"";"";"";"";"";"";"";"";"";"";"";""
"574";"Leguminosas e derivados";"Feijão, roxo, cru";"12,6";"331";"1387";"22,2";"1,2";"";"60";"33,8";"4";"120";"162";"1,34";"394";"6,9";"10";"1221";"1,04";"3,3";"";"";"";"0,26";"0,00001";"0,08";"0,00001";"0,00001";"0,3";"0,2";"0,8";"";"0,00001";"0,27";"0,03";"0,00001";"0,01";"0,01";"";"0,00001";"0,16";"";"0,34";"0,46";"";"";"";"";"";"";"";"";"";"";"";"";"";"";"";"";"";"";"";"";"";"";"";""
"575";"Leguminosas e derivados";"Grão-de-bico, cru";"12,3";"355";"1484";"21,2";"5,4";"";"57,9";"12,4";"3,2";"114";"146";"3,16";"342";"5,4";"5";"1116";"0,67";"3,2";"";"";"";"0,52";"0,00001";"0,75";"0,00001";"0,00001";"0,9";"1,4";"2,8";"";"0,01";"0,57";"0,2";"0,05";"0,02";"0,01";"";"0,01";"1,42";"0,02";"2,71";"0,13";"";"";"";"";"";"";"";"";"";"";"";"";"";"";"";"";"";"";"";"";"";"";"";""
"576";"Leguminosas e derivados";"Guandu, cru";"11,4";"344";"1440";"19";"2,1";"";"64";"21,3";"3,5";"129";"166";"1,02";"269";"1,9";"2";"1215";"0,57";"2";"";"";"";"1,06";"0,00001";"0,07";"2,69";"1,5";"0,6";"0,2";"0,9";"";"0,00001";"0,44";"0,08";"0,02";"0,02";"0,02";"";"0,00001";"0,13";"0,00001";"0,86";"0,06";"";"";"";"";"0,00001";"";"";"";"";"";"";"";"";"";"";"";"";"";"";"";"";"";"";""
"577";"Leguminosas e derivados";"Lentilha, cozida";"76,3";"93";"388";"6,3";"0,5";"";"16,3";"7,9";"0,6";"16";"22";"0,29";"104";"1,5";"1";"220";"0,17";"1,1";"";"";"";"0,03";"0,00001";"0,00001";"0,00001";"0,00001";"0,1";"0,1";"0,3";"";"0,00001";"0,08";"0,01";"0,00001";"0,00001";"0,00001";"";"0,00001";"0,14";"0,00001";"0,21";"0,04";"";"";"";"";"";"";"";"";"";"";"";"";"";"";"";"";"";"";"";"";"";"";"";""
"578";"Leguminosas e derivados";"Lentilha, crua";"11,5";"339";"1419";"23,2";"0,8";"";"62";"16,9";"2,6";"54";"94";"1,08";"368";"7";"0,00001";"887";"0,83";"3,5";"";"";"";"0,11";"0,00001";"0,42";"5,07";"";"0,1";"0,2";"0,4";"";"0,01";"0,1";"0,01";"0,01";"0,00001";"0,00001";"0,00001";"0,00001";"0,16";"0,01";"0,33";"0,09";"";"";"";"";"";"";"";"";"";"";"";"";"";"";"";"";"";"";"";"";"";"";"";""
"579";"Leguminosas e derivados";"Paçoca, amendoim";"1,8";"487";"2037";"16";"26,1";"";"52,4";"7,3";"3,8";"22";"101";"1,06";"198";"1,1";"167";"348";"0,38";"1,6";"";"";"";"0,00001";"0,00001";"1,2";"0,00001";"0,00001";"4,1";"10";"7,3";"";"";"2,24";"0,56";"0,27";"0,65";"0,34";"";"0,01";"9,73";"0,26";"7,25";"0,02";"";"";"";"";"";"";"";"";"";"";"";"";"";"";"";"";"";"";"";"";"";"";"";""
"580";"Leguminosas e derivados";"Pé-de-moleque, amendoim";"2,9";"503";"2105";"13,2";"28";"";"54,7";"3,4";"1,1";"27";"108";"1,09";"171";"1,3";"16";"355";"0,43";"1,4";"";"";"";"0,04";"0,03";"0,11";"5,94";"0,00001";"5,1";"14,4";"8,3";"";"";"2,7";"0,64";"0,35";"0,84";"0,51";"";"0,02";"13,91";"0,41";"8,25";"";"";"";"";"";"";"";"0,07";"0,34";"0,5";"0,97";"0,48";"0,14";"0,09";"0,75";"0,54";"0,58";"1,87";"0,25";"0,63";"1,8";"3,09";"0,91";"0,62";"0,69"
"581";"Leguminosas e derivados";"Soja, farinha";"5,8";"404";"1690";"36";"14,6";"";"38,4";"20,2";"5,1";"206";"242";"2,87";"539";"13,1";"6";"1922";"1,29";"4,5";"";"";"";"0,2";"0,04";"0,03";"0,00001";"0,00001";"";"";"";"";"";"";"";"";"";"";"";"";"";"";"";"";"";"";"";"";"";"";"";"";"";"";"";"";"";"";"";"";"";"";"";"";"";"";"";""
"582";"Leguminosas e derivados";"Soja, extrato solúvel, natural, fluido";"91,3";"39";"164";"2,4";"1,6";"";"4,3";"0,4";"0,5";"17";"15";"0,15";"53";"0,4";"57";"121";"0,08";"0,3";"";"";"";"0,00001";"0,00001";"0,00001";"0,00001";"0,00001";"0,2";"0,3";"0,6";"";"0,00001";"0,12";"0,05";"0,00001";"0,01";"0,00001";"";"0,00001";"0,25";"0,01";"0,58";"0,06";"";"";"";"";"";"0,01";"";"";"";"";"";"";"";"";"";"";"";"";"";"";"";"";"";""
"583";"Leguminosas e derivados";"Soja, extrato solúvel, pó";"4,5";"459";"1920";"35,7";"26,2";"";"28,5";"7,3";"5,2";"359";"216";"2,68";"647";"7";"83";"1607";"1,19";"5,8";"";"";"";"0,00001";"0,11";"0,35";"0,00001";"9,2";"3,3";"6,4";"12,9";"";"0,02";"2,53";"0,57";"0,06";"0,09";"0,03";"";"0,02";"6,3";"0,05";"11,67";"1,23";"";"";"";"";"";"";"";"";"";"";"";"";"";"";"";"";"";"";"";"";"";"";"";""
"584";"Leguminosas e derivados";"Soja, queijo (tofu)";"86,6";"64";"270";"6,6";"4";"";"2,1";"0,8";"0,7";"81";"38";"0,33";"130";"1,4";"1";"182";"0,18";"0,9";"";"";"";"0,04";"0,00001";"0,03";"0,00001";"0,00001";"0,4";"0,5";"1,7";"";"0,01";"0,27";"0,1";"0,01";"0,01";"0,00001";"";"0,00001";"0,51";"0,00001";"1,48";"0,2";"";"";"";"";"";"";"";"";"";"";"";"";"";"";"";"";"";"";"";"";"";"";"";""
"585";"Leguminosas e derivados";"Tremoço, cru";"9,7";"381";"1595";"33,6";"10,3";"";"43,8";"32,3";"2,6";"177";"121";"";"265";"2,8";"3";"708";"0,79";"4,2";"";"";"";"0,24";"0,00001";"0,07";"0,00001";"25";"1,2";"5,4";"1,7";"";"";"0,61";"0,19";"0,1";"0,26";"0,05";"";"0,02";"4,89";"0,33";"1,08";"0,57";"";"";"";"";"";"";"";"";"";"";"";"";"";"";"";"";"";"";"";"";"";"";"";""
"586";"Leguminosas e derivados";"Tremoço, em conserva";"67,7";"121";"505";"11,1";"3,8";"";"12,4";"14,4";"5";"16";"4";"";"40";"0,3";"1809";"5";"0,27";"0,6";"";"";"";"0,00001";"0,00001";"0,00001";"0,00001";"0,00001";"0,4";"1,9";"0,6";"";"";"0,2";"0,06";"0,03";"0,09";"0,02";"";"0,00001";"1,82";"0,12";"0,4";"0,22";"";"";"";"";"";"";"";"";"";"";"";"";"";"";"";"";"";"";"";"";"";"";"";""
"587";"Nozes e sementes";"Amêndoa, torrada, salgada";"3,1";"581";"2430";"18,6";"47,3";"";"29,5";"11,6";"1,5";"237";"222";"1,95";"493";"3,1";"279";"640";"0,93";"2,6";"";"";"";"0,29";"0,16";"0,00001";"0,00001";"0,00001";"4,8";"32,3";"16,2";"";"0,04";"3,91";"0,77";"0,04";"0,02";"";"";"0,22";"31,95";"0,03";"16,17";"0,03";"";"";"";"";"0,1";"0,02";"";"";"";"";"";"";"";"";"";"";"";"";"";"";"";"";"";""
"588";"Nozes e sementes";"Castanha-de-caju, torrada, salgada";"3,5";"570";"2386";"18,5";"46,3";"";"29,1";"3,7";"2,6";"33";"237";"1,59";"594";"5,2";"125";"671";"1,92";"4,7";"";"";"";"0,29";"0,05";"0,39";"0,00001";"0,00001";"7,7";"26,5";"8,1";"";"";"3,95";"3,42";"0,23";"0,06";"0,06";"";"0,13";"26,27";"0,08";"8";"0,08";"";"";"";"";"0,11";"";"";"";"";"";"";"";"";"";"";"";"";"";"";"";"";"";"";""
"589";"Nozes e sementes";"Castanha-do-Brasil, crua";"3,5";"643";"2690";"14,5";"63,5";"";"15,1";"7,9";"3,4";"146";"365";"1,1";"853";"2,3";"1";"651";"1,79";"4,2";"";"";"";"0,3";"0,00001";"0,44";"0,00001";"0,00001";"15,3";"27,4";"21";"";"0,04";"0,04";"6,14";"0,16";"0,03";"";"";"0,18";"27,14";"0,04";"20,97";"0,04";"";"";"";"";"";"";"";"";"";"";"";"";"";"";"";"";"";"";"";"";"";"";"";""
"590";"Nozes e sementes";"Coco, cru";"43";"406";"1701";"3,7";"42";"";"10,4";"5,4";"1";"6";"51";"1";"118";"1,8";"15";"354";"0,45";"0,9";"";"";"";"0,00001";"0,00001";"0,03";"0,00001";"2,5";"30";"1,5";"0,3";"15,37";"6,12";"2,74";"0,97";"";"";"";"";"";"1,47";"";"0,32";"";"";"";"";"";"";"";"";"";"";"";"";"";"";"";"";"";"";"";"";"";"";"";"";""
"591";"Nozes e sementes";"Coco,  verde, cru";"";"";"";"";"";"";"";"";"";"";"";"";"";"";"";"";"";"";"";"";"";"";"";"";"";"";"3,1";"1,1";"0,3";"1,24";"0,8";"0,77";"0,14";"0,00001";"0,00001";"0,01";"";"0,00001";"1,15";"0,00001";"0,28";"";"";"";"";"";"";"";"";"";"";"";"";"";"";"";"";"";"";"";"";"";"";"";"";""
"592";"Nozes e sementes";"Farinha, de mesocarpo de babaçu, crua";"15,8";"329";"1376";"1,4";"0,2";"";"79,2";"17,9";"3,4";"61";"39";"0,38";"26";"18,3";"12";"362";"0,22";"0,3";"";"";"";"0,00001";"0,00001";"0,00001";"2,58";"0,00001";"";"";"";"";"";"";"";"";"";"";"";"";"";"";"";"";"";"";"";"";"";"";"";"";"";"";"";"";"";"";"";"";"";"";"";"";"";"";"";""
"593";"Nozes e sementes";"Gergelim, semente";"3,9";"584";"2442";"21,2";"50,4";"";"21,6";"11,9";"2,9";"825";"361";"2,67";"741";"5,4";"3";"546";"1,51";"5,2";"";"";"";"0,94";"0,00001";"0,13";"5,92";"0,00001";"7,8";"19,9";"22,5";"";"0,03";"4,86";"2,58";"0,26";"";"0,04";"";"0,07";"19,72";"0,09";"22,39";"0,16";"";"";"";"";"";"";"";"";"";"";"";"";"";"";"";"";"";"";"";"";"";"";"";""
"594";"Nozes e sementes";"Linhaça, semente";"6,7";"495";"2072";"14,1";"32,3";"";"43,3";"33,5";"3,7";"211";"347";"2,81";"615";"4,7";"9";"869";"1,09";"4,4";"";"";"";"0,12";"0,00001";"0,13";"0,00001";"0,00001";"4,2";"7,1";"25,3";"";"0,03";"2,49";"1,62";"0,06";"";"0,04";"";"0,03";"7,06";"0,04";"5,42";"19,81";"";"";"";"";"";"";"";"";"";"";"";"";"";"";"";"";"";"";"";"";"";"";"";""
"595";"Nozes e sementes";"Pinhão, cozido";"50,5";"174";"730";"3";"0,7";"";"43,9";"15,6";"1,8";"16";"53";"0,41";"166";"0,8";"1";"727";"0,18";"0,8";"";"";"";"0,00001";"0,00001";"0,00001";"0,00001";"27,7";"0,3";"0,1";"0,2";"";"";"0,18";"0,04";"0,03";"0,02";"";"";"";"0,09";"";"0,22";"";"";"";"";"";"";"";"";"";"";"";"";"";"";"";"";"";"";"";"";"";"";"";"";""
"596";"Nozes e sementes";"Pupunha, cozida";"54,5";"219";"914";"2,5";"12,8";"";"29,6";"4,3";"0,7";"28";"25";"0,13";"49";"0,5";"1";"303";"0,28";"0,3";"";"875";"438";"0,00001";"0,09";"0,03";"0,00001";"2,2";"3,1";"6,8";"0,4";"";"";"2,77";"0,26";"0,03";"";"";"";"0,32";"6,45";"0,01";"0,28";"0,08";"";"";"";"";"";"";"";"";"";"";"";"";"";"";"";"";"";"";"";"";"";"";"";""
"597";"Nozes e sementes";"Noz, crua";"6,2";"620";"2594";"14";"59,4";"";"18,4";"7,2";"2,1";"105";"153";"4,05";"396";"2";"5";"533";"0,75";"2,1";"";"";"";"0,38";"0,00001";"0,13";"1,08";"0,00001";"5,6";"8,7";"44,1";"";"";"4,26";"1,34";"";"";"";"";"";"8,66";"0,09";"35,3";"8,82";"";"";"";"";"";"";"";"";"";"";"";"";"";"";"";"";"";"";"";"";"";"";"";""
